Organism	Kingdom	Phylum	Class	Order	Family	Genus	Species
txid544580	Bacteria	Actinobacteria	Actinomycetia	Actinomycetales	Actinomycetaceae	Actinomyces	Actinomyces oris
txid111015	Bacteria	Actinobacteria	Actinomycetia	Actinomycetales	Actinomycetaceae	Actinomyces	Actinomyces radicidentis
txid1798155	Bacteria	Actinobacteria	Actinomycetia	Bifidobacteriales	Bifidobacteriaceae	Bifidobacterium	Bifidobacterium aerophilum
txid1329411	Bacteria	Actinobacteria	Actinomycetia	Bifidobacteriales	Bifidobacteriaceae	Bifidobacterium	Bifidobacterium aesculapii
txid2809027	Bacteria	Actinobacteria	Actinomycetia	Bifidobacteriales	Bifidobacteriaceae	Bifidobacterium	Bifidobacterium amazonense
txid1683	Bacteria	Actinobacteria	Actinomycetia	Bifidobacteriales	Bifidobacteriaceae	Bifidobacterium	Bifidobacterium angulatum
txid302911	Bacteria	Actinobacteria	Actinomycetia	Bifidobacteriales	Bifidobacteriaceae	Bifidobacterium	Bifidobacterium animalis
txid1769423	Bacteria	Actinobacteria	Actinomycetia	Bifidobacteriales	Bifidobacteriaceae	Bifidobacterium	Bifidobacterium apri
txid1798157	Bacteria	Actinobacteria	Actinomycetia	Bifidobacteriales	Bifidobacteriaceae	Bifidobacterium	Bifidobacterium avesanii
txid1437608	Bacteria	Actinobacteria	Actinomycetia	Bifidobacteriales	Bifidobacteriaceae	Bifidobacterium	Bifidobacterium biavatii
txid1681	Bacteria	Actinobacteria	Actinomycetia	Bifidobacteriales	Bifidobacteriaceae	Bifidobacterium	Bifidobacterium bifidum
txid2306973	Bacteria	Actinobacteria	Actinomycetia	Bifidobacteriales	Bifidobacteriaceae	Bifidobacterium	Bifidobacterium callimiconis
txid2052941	Bacteria	Actinobacteria	Actinomycetia	Bifidobacteriales	Bifidobacteriaceae	Bifidobacterium	Bifidobacterium callitrichidarum
txid1437609	Bacteria	Actinobacteria	Actinomycetia	Bifidobacteriales	Bifidobacteriaceae	Bifidobacterium	Bifidobacterium callitrichos
txid2610880	Bacteria	Actinobacteria	Actinomycetia	Bifidobacteriales	Bifidobacteriaceae	Bifidobacterium	Bifidobacterium canis
txid1150460	Bacteria	Actinobacteria	Actinomycetia	Bifidobacteriales	Bifidobacteriaceae	Bifidobacterium	Bifidobacterium catenulatum
txid1630173	Bacteria	Actinobacteria	Actinomycetia	Bifidobacteriales	Bifidobacteriaceae	Bifidobacterium	Bifidobacterium catulorum
txid2650773	Bacteria	Actinobacteria	Actinomycetia	Bifidobacteriales	Bifidobacteriaceae	Bifidobacterium	Bifidobacterium cebidarum
txid2809026	Bacteria	Actinobacteria	Actinomycetia	Bifidobacteriales	Bifidobacteriaceae	Bifidobacterium	Bifidobacterium colobi
txid1689	Bacteria	Actinobacteria	Actinomycetia	Bifidobacteriales	Bifidobacteriaceae	Bifidobacterium	Bifidobacterium dentium
txid2306975	Bacteria	Actinobacteria	Actinomycetia	Bifidobacteriales	Bifidobacteriaceae	Bifidobacterium	Bifidobacterium goeldii
txid1630172	Bacteria	Actinobacteria	Actinomycetia	Bifidobacteriales	Bifidobacteriaceae	Bifidobacterium	Bifidobacterium hapali
txid1691	Bacteria	Actinobacteria	Actinomycetia	Bifidobacteriales	Bifidobacteriaceae	Bifidobacterium	Bifidobacterium indicum
txid1603886	Bacteria	Actinobacteria	Actinomycetia	Bifidobacteriales	Bifidobacteriaceae	Bifidobacterium	Bifidobacterium lemurum
txid2650774	Bacteria	Actinobacteria	Actinomycetia	Bifidobacteriales	Bifidobacteriaceae	Bifidobacterium	Bifidobacterium leontopitheci
txid1931217	Bacteria	Actinobacteria	Actinomycetia	Bifidobacteriales	Bifidobacteriaceae	Bifidobacterium	Bifidobacterium longum
txid2834435	Bacteria	Actinobacteria	Actinomycetia	Bifidobacteriales	Bifidobacteriaceae	Bifidobacterium	Bifidobacterium miconis
txid2834437	Bacteria	Actinobacteria	Actinomycetia	Bifidobacteriales	Bifidobacteriaceae	Bifidobacterium	Bifidobacterium miconisargentati
txid1333651	Bacteria	Actinobacteria	Actinomycetia	Bifidobacteriales	Bifidobacteriaceae	Bifidobacterium	Bifidobacterium moukalabense
txid1630166	Bacteria	Actinobacteria	Actinomycetia	Bifidobacteriales	Bifidobacteriaceae	Bifidobacterium	Bifidobacterium myosotis
txid2675322	Bacteria	Actinobacteria	Actinomycetia	Bifidobacteriales	Bifidobacteriaceae	Bifidobacterium	Bifidobacterium oedipodis
txid2834431	Bacteria	Actinobacteria	Actinomycetia	Bifidobacteriales	Bifidobacteriaceae	Bifidobacterium	Bifidobacterium phasiani
txid2661628	Bacteria	Actinobacteria	Actinomycetia	Bifidobacteriales	Bifidobacteriaceae	Bifidobacterium	Bifidobacterium platyrrhinorum
txid2834436	Bacteria	Actinobacteria	Actinomycetia	Bifidobacteriales	Bifidobacteriaceae	Bifidobacterium	Bifidobacterium pluvialisilvae
txid2834432	Bacteria	Actinobacteria	Actinomycetia	Bifidobacteriales	Bifidobacteriaceae	Bifidobacterium	Bifidobacterium pongonis
txid212365	Bacteria	Actinobacteria	Actinomycetia	Bifidobacteriales	Bifidobacteriaceae	Bifidobacterium	Bifidobacterium porcinum
txid28026	Bacteria	Actinobacteria	Actinomycetia	Bifidobacteriales	Bifidobacteriaceae	Bifidobacterium	Bifidobacterium pseudocatenulatum
txid1690	Bacteria	Actinobacteria	Actinomycetia	Bifidobacteriales	Bifidobacteriaceae	Bifidobacterium	Bifidobacterium pseudolongum
txid78257	Bacteria	Actinobacteria	Actinomycetia	Bifidobacteriales	Bifidobacteriaceae	Bifidobacterium	Bifidobacterium pullorum
txid1798158	Bacteria	Actinobacteria	Actinomycetia	Bifidobacteriales	Bifidobacteriaceae	Bifidobacterium	Bifidobacterium ramosum
txid1437610	Bacteria	Actinobacteria	Actinomycetia	Bifidobacteriales	Bifidobacteriaceae	Bifidobacterium	Bifidobacterium reuteri
txid2045439	Bacteria	Actinobacteria	Actinomycetia	Bifidobacteriales	Bifidobacteriaceae	Bifidobacterium	Bifidobacterium rousetti
txid2834433	Bacteria	Actinobacteria	Actinomycetia	Bifidobacteriales	Bifidobacteriaceae	Bifidobacterium	Bifidobacterium saguinibicoloris
txid2306974	Bacteria	Actinobacteria	Actinomycetia	Bifidobacteriales	Bifidobacteriaceae	Bifidobacterium	Bifidobacterium samirii
txid2809028	Bacteria	Actinobacteria	Actinomycetia	Bifidobacteriales	Bifidobacteriaceae	Bifidobacterium	Bifidobacterium santillanense
txid158787	Bacteria	Actinobacteria	Actinomycetia	Bifidobacteriales	Bifidobacteriaceae	Bifidobacterium	Bifidobacterium scardovii
txid2834434	Bacteria	Actinobacteria	Actinomycetia	Bifidobacteriales	Bifidobacteriaceae	Bifidobacterium	Bifidobacterium simiiventris
txid762211	Bacteria	Actinobacteria	Actinomycetia	Bifidobacteriales	Bifidobacteriaceae	Bifidobacterium	Bifidobacterium stellenboschense
txid77635	Bacteria	Actinobacteria	Actinomycetia	Bifidobacteriales	Bifidobacteriaceae	Bifidobacterium	Bifidobacterium subtile
txid33905	Bacteria	Actinobacteria	Actinomycetia	Bifidobacteriales	Bifidobacteriaceae	Bifidobacterium	Bifidobacterium thermophilum
txid1630162	Bacteria	Actinobacteria	Actinomycetia	Bifidobacteriales	Bifidobacteriaceae	Bifidobacterium	Bifidobacterium tissieri
txid2562524	Bacteria	Actinobacteria	Actinomycetia	Bifidobacteriales	Bifidobacteriaceae	Bifidobacterium	Bifidobacterium vespertilionis
txid2014528	Bacteria	Actinobacteria	Actinomycetia	Corynebacteriales	Corynebacteriaceae	Corynebacterium	Corynebacterium dentalis
txid61592	Bacteria	Actinobacteria	Actinomycetia	Corynebacteriales	Corynebacteriaceae	Corynebacterium	Corynebacterium durum
txid384602	Bacteria	Actinobacteria	Actinomycetia	Micrococcales	Micrococcaceae	Micrococcus	Micrococcus flavus
txid2220000	Bacteria	Actinobacteria	Actinomycetia	Propionibacteriales	Propionibacteriaceae	Arachnia	Pseudopropionibacterium massiliense
txid1964384	Bacteria	Actinobacteria	Coriobacteriia	Coriobacteriales	Atopobiaceae	Olsenella	Olsenella congonensis
txid2930083	Bacteria	Actinobacteria	Coriobacteriia	Coriobacteriales	Atopobiaceae	Olsenella	Olsenella intestinalis
txid2584469	Bacteria	Actinobacteria	Coriobacteriia	Coriobacteriales	Atopobiaceae	Olsenella	Olsenella lakotia
txid1622075	Bacteria	Actinobacteria	Coriobacteriia	Coriobacteriales	Atopobiaceae	Olsenella	Olsenella massiliensis
txid1852385	Bacteria	Actinobacteria	Coriobacteriia	Coriobacteriales	Atopobiaceae	Olsenella	Olsenella phocaeensis
txid2652279	Bacteria	Actinobacteria	Coriobacteriia	Coriobacteriales	Atopobiaceae	Olsenella	Olsenella porci
txid997349	Bacteria	Actinobacteria	Coriobacteriia	Coriobacteriales	Atopobiaceae	Olsenella	Olsenella profusa
txid1805478	Bacteria	Actinobacteria	Coriobacteriia	Coriobacteriales	Atopobiaceae	Olsenella	Olsenella timonensis
txid633147	Bacteria	Actinobacteria	Coriobacteriia	Coriobacteriales	Atopobiaceae	Olsenella	Olsenella uli
txid604330	Bacteria	Actinobacteria	Coriobacteriia	Coriobacteriales	Atopobiaceae	Parafannyhessea	Parafannyhessea umbonata
txid2292441	Bacteria	Actinobacteria	Coriobacteriia	Coriobacteriales	Atopobiaceae	Paratractidigestivibacter	Paratractidigestivibacter faecalis
txid2003188	Bacteria	Actinobacteria	Coriobacteriia	Coriobacteriales	Atopobiaceae	Parolsenella	Parolsenella catena
txid1871022	Bacteria	Actinobacteria	Coriobacteriia	Coriobacteriales	Atopobiaceae	Parolsenella	Parolsenella massiliensis
txid2779357	Bacteria	Actinobacteria	Coriobacteriia	Coriobacteriales	Atopobiaceae	Thermophilibacter	Thermophilibacter gallinarum
txid2779519	Bacteria	Actinobacteria	Coriobacteriia	Coriobacteriales	Atopobiaceae	Thermophilibacter	Thermophilibacter immobilis
txid1871031	Bacteria	Actinobacteria	Coriobacteriia	Coriobacteriales	Atopobiaceae	Thermophilibacter	Thermophilibacter mediterraneus
txid1852386	Bacteria	Actinobacteria	Coriobacteriia	Coriobacteriales	Atopobiaceae	Thermophilibacter	Thermophilibacter provencensis
txid74426	Bacteria	Actinobacteria	Coriobacteriia	Coriobacteriales	Coriobacteriaceae	Collinsella	Collinsella aerofaciens
txid2603815	Bacteria	Actinobacteria	Coriobacteriia	Coriobacteriales	Coriobacteriaceae	Collinsella	Collinsella avium
txid1907654	Bacteria	Actinobacteria	Coriobacteriia	Coriobacteriales	Coriobacteriaceae	Collinsella	Collinsella bouchesdurhonensis
txid1720204	Bacteria	Actinobacteria	Coriobacteriia	Coriobacteriales	Coriobacteriaceae	Collinsella	Collinsella ihumii
txid147207	Bacteria	Actinobacteria	Coriobacteriia	Coriobacteriales	Coriobacteriaceae	Collinsella	Collinsella intestinalis
txid1871016	Bacteria	Actinobacteria	Coriobacteriia	Coriobacteriales	Coriobacteriaceae	Collinsella	Collinsella phocaeensis
txid1937461	Bacteria	Actinobacteria	Coriobacteriia	Coriobacteriales	Coriobacteriaceae	Collinsella	Collinsella provencensis
txid147206	Bacteria	Actinobacteria	Coriobacteriia	Coriobacteriales	Coriobacteriaceae	Collinsella	Collinsella stercoris
txid742742	Bacteria	Actinobacteria	Coriobacteriia	Coriobacteriales	Coriobacteriaceae	Collinsella	Collinsella tanakaei
txid1870987	Bacteria	Actinobacteria	Coriobacteriia	Coriobacteriales	Coriobacteriaceae	Collinsella	Collinsella vaginalis
txid33871	Bacteria	Actinobacteria	Coriobacteriia	Coriobacteriales	Coriobacteriaceae	Coriobacterium	Coriobacterium glomerans
txid1232426	Bacteria	Actinobacteria	Coriobacteriia	Coriobacteriales	Coriobacteriaceae	Enorma	Collinsella massiliensis
txid2590867	Bacteria	Actinobacteria	Coriobacteriia	Coriobacteriales	Coriobacteriaceae	Enorma	Enorma burkinafasonensis
txid1871019	Bacteria	Actinobacteria	Coriobacteriia	Coriobacteriales	Coriobacteriaceae	Enorma	Enorma phocaeensis
txid747645	Bacteria	Actinobacteria	Coriobacteriia	Coriobacteriales	Coriobacteriaceae	Parvibacter	Parvibacter caecicola
txid2137581	Bacteria	Actinobacteria	Coriobacteriia	Eggerthellales	Eggerthellaceae	Ellagibacter	Ellagibacter isourolithinifaciens
txid1841863	Bacteria	Actinobacteria	Coriobacteriia	Eggerthellales	Eggerthellaceae	Gordonibacter	Gordonibacter massiliensis
txid883106	Bacteria	Actinobacteria	Coriobacteriia	Eggerthellales	Eggerthellaceae	Paraeggerthella	Paraeggerthella hongkongensis
txid572010	Bacteria	Actinobacteria	Coriobacteriia	Eggerthellales	Eggerthellaceae	Slackia	Slackia isoflavoniconvertens
txid432331	Bacteria	Aquificae	Aquificae	Aquificales	Hydrogenothermaceae	Sulfurihydrogenibium	Sulfurihydrogenibium yellowstonense
txid85831	Bacteria	Bacteroidota	Bacteroidia	Bacteroidales	Bacteroidaceae	Bacteroides	Bacteroides acidifaciens
txid1841855	Bacteria	Bacteroidota	Bacteroidia	Bacteroidales	Bacteroidaceae	Bacteroides	Bacteroides bouchesdurhonensis
txid47678	Bacteria	Bacteroidota	Bacteroidia	Bacteroidales	Bacteroidaceae	Bacteroides	Bacteroides caccae
txid1462569	Bacteria	Bacteroidota	Bacteroidia	Bacteroidales	Bacteroidaceae	Bacteroides	Bacteroides caecicola
txid1411144	Bacteria	Bacteroidota	Bacteroidia	Bacteroidales	Bacteroidaceae	Bacteroides	Bacteroides caecigallinarum
txid246787	Bacteria	Bacteroidota	Bacteroidia	Bacteroidales	Bacteroidaceae	Bacteroides	Bacteroides cellulosilyticus
txid762984	Bacteria	Bacteroidota	Bacteroidia	Bacteroidales	Bacteroidaceae	Bacteroides	Bacteroides clarus
txid2024197	Bacteria	Bacteroidota	Bacteroidia	Bacteroidales	Bacteroidaceae	Bacteroides	Bacteroides cutis
txid28111	Bacteria	Bacteroidota	Bacteroidia	Bacteroidales	Bacteroidaceae	Bacteroides	Bacteroides eggerthii
txid1236513	Bacteria	Bacteroidota	Bacteroidia	Bacteroidales	Bacteroidaceae	Bacteroides	Bacteroides faecichinchillae
txid1077285	Bacteria	Bacteroidota	Bacteroidia	Bacteroidales	Bacteroidaceae	Bacteroides	Bacteroides faecis
txid338188	Bacteria	Bacteroidota	Bacteroidia	Bacteroidales	Bacteroidaceae	Bacteroides	Bacteroides finegoldii
txid763034	Bacteria	Bacteroidota	Bacteroidia	Bacteroidales	Bacteroidaceae	Bacteroides	Bacteroides fluxus
txid1462571	Bacteria	Bacteroidota	Bacteroidia	Bacteroidales	Bacteroidaceae	Bacteroides	Bacteroides gallinaceum
txid376806	Bacteria	Bacteroidota	Bacteroidia	Bacteroidales	Bacteroidaceae	Bacteroides	Bacteroides gallinarum
txid290053	Bacteria	Bacteroidota	Bacteroidia	Bacteroidales	Bacteroidaceae	Bacteroides	Bacteroides helcogenes
txid2792859	Bacteria	Bacteroidota	Bacteroidia	Bacteroidales	Bacteroidaceae	Bacteroides	Bacteroides humanifaecis
txid1907658	Bacteria	Bacteroidota	Bacteroidia	Bacteroidales	Bacteroidaceae	Bacteroides	Bacteroides ilei
txid1912896	Bacteria	Bacteroidota	Bacteroidia	Bacteroidales	Bacteroidaceae	Bacteroides	Bacteroides koreensis
txid1912894	Bacteria	Bacteroidota	Bacteroidia	Bacteroidales	Bacteroidaceae	Bacteroides	Bacteroides kribbi
txid2650158	Bacteria	Bacteroidota	Bacteroidia	Bacteroidales	Bacteroidaceae	Bacteroides	Bacteroides luhongzhouii
txid1841856	Bacteria	Bacteroidota	Bacteroidia	Bacteroidales	Bacteroidaceae	Bacteroides	Bacteroides mediterraneensis
txid1203608	Bacteria	Bacteroidota	Bacteroidia	Bacteroidales	Bacteroidaceae	Bacteroides	Bacteroides nordii
txid742727	Bacteria	Bacteroidota	Bacteroidia	Bacteroidales	Bacteroidaceae	Bacteroides	Bacteroides oleiciplenus
txid28116	Bacteria	Bacteroidota	Bacteroidia	Bacteroidales	Bacteroidaceae	Bacteroides	Bacteroides ovatus
txid1236512	Bacteria	Bacteroidota	Bacteroidia	Bacteroidales	Bacteroidaceae	Bacteroides	Bacteroides rodentium
txid291644	Bacteria	Bacteroidota	Bacteroidia	Bacteroidales	Bacteroidaceae	Bacteroides	Bacteroides salyersiae
txid1236514	Bacteria	Bacteroidota	Bacteroidia	Bacteroidales	Bacteroidaceae	Bacteroides	Bacteroides stercorirosoris
txid449673	Bacteria	Bacteroidota	Bacteroidia	Bacteroidales	Bacteroidaceae	Bacteroides	Bacteroides stercoris
txid818	Bacteria	Bacteroidota	Bacteroidia	Bacteroidales	Bacteroidaceae	Bacteroides	Bacteroides thetaiotaomicron
txid820	Bacteria	Bacteroidota	Bacteroidia	Bacteroidales	Bacteroidaceae	Bacteroides	Bacteroides uniformis
txid657309	Bacteria	Bacteroidota	Bacteroidia	Bacteroidales	Bacteroidaceae	Bacteroides	Bacteroides xylanisolvens
txid2650157	Bacteria	Bacteroidota	Bacteroidia	Bacteroidales	Bacteroidaceae	Bacteroides	Bacteroides zhangwenhongii
txid2725562	Bacteria	Bacteroidota	Bacteroidia	Bacteroidales	Bacteroidaceae	Caecibacteroides	Caecibacteroides pullorum
txid1841865	Bacteria	Bacteroidota	Bacteroidia	Bacteroidales	Bacteroidaceae	Mediterranea	Mediterranea massiliensis
txid2763138	Bacteria	Bacteroidota	Bacteroidia	Bacteroidales	Bacteroidaceae	Paraphocaeicola	Paraphocaeicola brunensis
txid376804	Bacteria	Bacteroidota	Bacteroidia	Bacteroidales	Bacteroidaceae	Phocaeicola	Phocaeicola barnesiae
txid470145	Bacteria	Bacteroidota	Bacteroidia	Bacteroidales	Bacteroidaceae	Phocaeicola	Phocaeicola coprocola
txid387090	Bacteria	Bacteroidota	Bacteroidia	Bacteroidales	Bacteroidaceae	Phocaeicola	Phocaeicola coprophilus
txid357276	Bacteria	Bacteroidota	Bacteroidia	Bacteroidales	Bacteroidaceae	Phocaeicola	Phocaeicola dorei
txid2786956	Bacteria	Bacteroidota	Bacteroidia	Bacteroidales	Bacteroidaceae	Phocaeicola	Phocaeicola faecalis
txid2739389	Bacteria	Bacteroidota	Bacteroidia	Bacteroidales	Bacteroidaceae	Phocaeicola	Phocaeicola faecicola
txid204516	Bacteria	Bacteroidota	Bacteroidia	Bacteroidales	Bacteroidaceae	Phocaeicola	Phocaeicola massiliensis
txid1236498	Bacteria	Bacteroidota	Bacteroidia	Bacteroidales	Bacteroidaceae	Phocaeicola	Phocaeicola paurosaccharolyticus
txid484018	Bacteria	Bacteroidota	Bacteroidia	Bacteroidales	Bacteroidaceae	Phocaeicola	Phocaeicola plebeius
txid376805	Bacteria	Bacteroidota	Bacteroidia	Bacteroidales	Bacteroidaceae	Phocaeicola	Phocaeicola salanitronis
txid1236538	Bacteria	Bacteroidota	Bacteroidia	Bacteroidales	Bacteroidaceae	Phocaeicola	Phocaeicola sartorii
txid435590	Bacteria	Bacteroidota	Bacteroidia	Bacteroidales	Bacteroidaceae	Phocaeicola	Phocaeicola vulgatus
txid487174	Bacteria	Bacteroidota	Bacteroidia	Bacteroidales	Barnesiellaceae	Barnesiella	Barnesiella intestinihominis
txid397865	Bacteria	Bacteroidota	Bacteroidia	Bacteroidales	Barnesiellaceae	Barnesiella	Barnesiella viscericola
txid1349822	Bacteria	Bacteroidota	Bacteroidia	Bacteroidales	Barnesiellaceae	Coprobacter	Coprobacter fastidiosus
txid2518971	Bacteria	Bacteroidota	Bacteroidia	Bacteroidales	Muribaculaceae	Duncaniella	Duncaniella dubosii
txid2530391	Bacteria	Bacteroidota	Bacteroidia	Bacteroidales	Muribaculaceae	Duncaniella	Duncaniella freteri
txid2094150	Bacteria	Bacteroidota	Bacteroidia	Bacteroidales	Muribaculaceae	Duncaniella	Duncaniella muris
txid2601703	Bacteria	Bacteroidota	Bacteroidia	Bacteroidales	Muribaculaceae	Heminiphilus	Heminiphilus faecis
txid2530390	Bacteria	Bacteroidota	Bacteroidia	Bacteroidales	Muribaculaceae	Muribaculum	Muribaculum gordoncarteri
txid1796646	Bacteria	Bacteroidota	Bacteroidia	Bacteroidales	Muribaculaceae	Muribaculum	Muribaculum intestinale
txid2094151	Bacteria	Bacteroidota	Bacteroidia	Bacteroidales	Muribaculaceae	Paramuribaculum	Paramuribaculum intestinale
txid2606626	Bacteria	Bacteroidota	Bacteroidia	Bacteroidales	Muribaculaceae	Sodaliphilus	Sodaliphilus pleomorphus
txid1686296	Bacteria	Bacteroidota	Bacteroidia	Bacteroidales	Porphyromonadaceae	Gabonia	Gabonia massiliensis
txid887901	Bacteria	Bacteroidota	Bacteroidia	Bacteroidales	Porphyromonadaceae	Porphyromonas	Porphyromonas catoniae
txid671218	Bacteria	Bacteroidota	Bacteroidia	Bacteroidales	Prevotellaceae	Alloprevotella	Alloprevotella rava
txid76122	Bacteria	Bacteroidota	Bacteroidia	Bacteroidales	Prevotellaceae	Alloprevotella	Alloprevotella tannerae
txid1841864	Bacteria	Bacteroidota	Bacteroidia	Bacteroidales	Prevotellaceae	Marseilla	Marseilla massiliensis
txid1816687	Bacteria	Bacteroidota	Bacteroidia	Bacteroidales	Prevotellaceae	Massiliprevotella	Massiliprevotella massiliensis
txid1870999	Bacteria	Bacteroidota	Bacteroidia	Bacteroidales	Prevotellaceae	Metaprevotella	Metaprevotella massiliensis
txid454154	Bacteria	Bacteroidota	Bacteroidia	Bacteroidales	Prevotellaceae	Paraprevotella	Paraprevotella clara
txid454155	Bacteria	Bacteroidota	Bacteroidia	Bacteroidales	Prevotellaceae	Paraprevotella	Paraprevotella xylaniphila
txid77768	Bacteria	Bacteroidota	Bacteroidia	Bacteroidales	Prevotellaceae	Prevotella	Prevotella albensis
txid305719	Bacteria	Bacteroidota	Bacteroidia	Bacteroidales	Prevotellaceae	Prevotella	Prevotella baroniae
txid752555	Bacteria	Bacteroidota	Bacteroidia	Bacteroidales	Prevotellaceae	Prevotella	Prevotella bryantii
txid873513	Bacteria	Bacteroidota	Bacteroidia	Bacteroidales	Prevotellaceae	Prevotella	Prevotella buccae
txid28127	Bacteria	Bacteroidota	Bacteroidia	Bacteroidales	Prevotellaceae	Prevotella	Prevotella buccalis
txid537011	Bacteria	Bacteroidota	Bacteroidia	Bacteroidales	Prevotellaceae	Prevotella	Prevotella copri
txid28128	Bacteria	Bacteroidota	Bacteroidia	Bacteroidales	Prevotellaceae	Prevotella	Prevotella corporis
txid1236509	Bacteria	Bacteroidota	Bacteroidia	Bacteroidales	Prevotellaceae	Prevotella	Prevotella dentasini
txid28129	Bacteria	Bacteroidota	Bacteroidia	Bacteroidales	Prevotellaceae	Prevotella	Prevotella denticola
txid76123	Bacteria	Bacteroidota	Bacteroidia	Bacteroidales	Prevotellaceae	Prevotella	Prevotella enoeca
txid1236517	Bacteria	Bacteroidota	Bacteroidia	Bacteroidales	Prevotellaceae	Prevotella	Prevotella fusca
txid2801997	Bacteria	Bacteroidota	Bacteroidia	Bacteroidales	Prevotellaceae	Prevotella	Prevotella herbatica
txid470565	Bacteria	Bacteroidota	Bacteroidia	Bacteroidales	Prevotellaceae	Prevotella	Prevotella histicola
txid2518605	Bacteria	Bacteroidota	Bacteroidia	Bacteroidales	Prevotellaceae	Prevotella	Prevotella hominis
txid2800387	Bacteria	Bacteroidota	Bacteroidia	Bacteroidales	Prevotellaceae	Prevotella	Prevotella illustrans
txid1177574	Bacteria	Bacteroidota	Bacteroidia	Bacteroidales	Prevotellaceae	Prevotella	Prevotella jejuni
txid2490854	Bacteria	Bacteroidota	Bacteroidia	Bacteroidales	Prevotellaceae	Prevotella	Prevotella koreensis
txid2854755	Bacteria	Bacteroidota	Bacteroidia	Bacteroidales	Prevotellaceae	Prevotella	Prevotella lacticifex
txid1776379	Bacteria	Bacteroidota	Bacteroidia	Bacteroidales	Prevotellaceae	Prevotella	Prevotella lascolaii
txid840	Bacteria	Bacteroidota	Bacteroidia	Bacteroidales	Prevotellaceae	Prevotella	Prevotella loescheii
txid439703	Bacteria	Bacteroidota	Bacteroidia	Bacteroidales	Prevotellaceae	Prevotella	Prevotella maculosa
txid2479840	Bacteria	Bacteroidota	Bacteroidia	Bacteroidales	Prevotellaceae	Prevotella	Prevotella marseillensis
txid862515	Bacteria	Bacteroidota	Bacteroidia	Bacteroidales	Prevotellaceae	Prevotella	Prevotella marshii
txid425941	Bacteria	Bacteroidota	Bacteroidia	Bacteroidales	Prevotellaceae	Prevotella	Prevotella nanceiensis
txid873533	Bacteria	Bacteroidota	Bacteroidia	Bacteroidales	Prevotellaceae	Prevotella	Prevotella oralis
txid28135	Bacteria	Bacteroidota	Bacteroidia	Bacteroidales	Prevotellaceae	Prevotella	Prevotella oris
txid915438	Bacteria	Bacteroidota	Bacteroidia	Bacteroidales	Prevotellaceae	Prevotella	Prevotella oryzae
txid28136	Bacteria	Bacteroidota	Bacteroidia	Bacteroidales	Prevotellaceae	Prevotella	Prevotella oulorum
txid185294	Bacteria	Bacteroidota	Bacteroidia	Bacteroidales	Prevotellaceae	Prevotella	Prevotella paludivivens
txid1776388	Bacteria	Bacteroidota	Bacteroidia	Bacteroidales	Prevotellaceae	Prevotella	Prevotella phocaeensis
txid407975	Bacteria	Bacteroidota	Bacteroidia	Bacteroidales	Prevotellaceae	Prevotella	Prevotella pleuritidis
txid1676614	Bacteria	Bacteroidota	Bacteroidia	Bacteroidales	Prevotellaceae	Prevotella	Prevotella rara
txid1236516	Bacteria	Bacteroidota	Bacteroidia	Bacteroidales	Prevotellaceae	Prevotella	Prevotella saccharolytica
txid228603	Bacteria	Bacteroidota	Bacteroidia	Bacteroidales	Prevotellaceae	Prevotella	Prevotella shahii
txid1002367	Bacteria	Bacteroidota	Bacteroidia	Bacteroidales	Prevotellaceae	Prevotella	Prevotella stercorea
txid1852370	Bacteria	Bacteroidota	Bacteroidia	Bacteroidales	Prevotellaceae	Prevotellamassilia	Prevotellamassilia timonensis
txid2585119	Bacteria	Bacteroidota	Bacteroidia	Bacteroidales	Rikenellaceae	Alistipes	Alistipes dispar
txid328813	Bacteria	Bacteroidota	Bacteroidia	Bacteroidales	Rikenellaceae	Alistipes	Alistipes onderdonkii
txid28117	Bacteria	Bacteroidota	Bacteroidia	Bacteroidales	Rikenellaceae	Alistipes	Alistipes putredinis
txid1033732	Bacteria	Bacteroidota	Bacteroidia	Bacteroidales	Rikenellaceae	Alistipes	Alistipes senegalensis
txid328814	Bacteria	Bacteroidota	Bacteroidia	Bacteroidales	Rikenellaceae	Alistipes	Alistipes shahii
txid2290935	Bacteria	Bacteroidota	Bacteroidia	Bacteroidales	Tannerellaceae	Parabacteroides	Parabacteroides acidifaciens
txid871327	Bacteria	Bacteroidota	Bacteroidia	Bacteroidales	Tannerellaceae	Parabacteroides	Parabacteroides chinchillae
txid2685834	Bacteria	Bacteroidota	Bacteroidia	Bacteroidales	Tannerellaceae	Parabacteroides	Parabacteroides chongii
txid823	Bacteria	Bacteroidota	Bacteroidia	Bacteroidales	Tannerellaceae	Parabacteroides	Parabacteroides distasonis
txid387661	Bacteria	Bacteroidota	Bacteroidia	Bacteroidales	Tannerellaceae	Parabacteroides	Parabacteroides johnsonii
txid46503	Bacteria	Bacteroidota	Bacteroidia	Bacteroidales	Tannerellaceae	Parabacteroides	Parabacteroides merdae
txid2753162	Bacteria	Bacteroidota	Bacteroidia	Bacteroidales	Tannerellaceae	Parabacteroides	Parabacteroides pekinense
txid1944636	Bacteria	Bacteroidota	Bacteroidia	Bacteroidales	Tannerellaceae	Parabacteroides	Parabacteroides provencensis
txid28112	Bacteria	Bacteroidota	Bacteroidia	Bacteroidales	Tannerellaceae	Tannerella	Tannerella forsythia
txid712710	Bacteria	Bacteroidota	Bacteroidia	Bacteroidales	Tannerellaceae	Tannerella	Tannerella serpentiformis
txid1017	Bacteria	Bacteroidota	Flavobacteriia	Flavobacteriales	Flavobacteriaceae	Capnocytophaga	Capnocytophaga gingivalis
txid1019	Bacteria	Bacteroidota	Flavobacteriia	Flavobacteriales	Flavobacteriaceae	Capnocytophaga	Capnocytophaga sputigena
txid2710758	Bacteria	Chloroflexi	Candidatus Thermofonsia	Phototrophicales	Phototrophicaceae	Phototrophicus	Phototrophicus methaneseepsis
txid1288484	Bacteria	Deinococcus-Thermus	Deinococci	Deinococcales	Deinococcaceae	Deinococcus	Deinococcus wulumuqiensis
txid157227	Bacteria	Firmicutes	Bacilli	Bacillales	Staphylococcaceae	Jeotgalicoccus	Jeotgalicoccus halotolerans
txid568603	Bacteria	Firmicutes	Bacilli	Bacillales	Staphylococcaceae	Jeotgalicoccus	Jeotgalicoccus nanhaiensis
txid150056	Bacteria	Firmicutes	Bacilli	Bacillales	Staphylococcaceae	Mammaliicoccus	Mammaliicoccus fleurettii
txid643214	Bacteria	Firmicutes	Bacilli	Bacillales	Staphylococcaceae	Mammaliicoccus	Mammaliicoccus stepanovicii
txid46126	Bacteria	Firmicutes	Bacilli	Bacillales	Staphylococcaceae	Staphylococcus	Staphylococcus chromogenes
txid74706	Bacteria	Firmicutes	Bacilli	Bacillales	Staphylococcaceae	Staphylococcus	Staphylococcus coagulans
txid1955013	Bacteria	Firmicutes	Bacilli	Bacillales	Staphylococcaceae	Staphylococcus	Staphylococcus edaphicus
txid342451	Bacteria	Firmicutes	Bacilli	Bacillales	Staphylococcaceae	Staphylococcus	Staphylococcus saprophyticus
txid224030	Bacteria	Firmicutes	Bacilli	Bacillales	Staphylococcaceae	Staphylococcus	Staphylococcus succinus
txid1288	Bacteria	Firmicutes	Bacilli	Bacillales	Staphylococcaceae	Staphylococcus	Staphylococcus xylosus
txid150240	Bacteria	Firmicutes	Bacilli	Bacillales	unclassified Bacillales family	Gemella	Gemella cuniculi
txid1379	Bacteria	Firmicutes	Bacilli	Bacillales	unclassified Bacillales family	Gemella	Gemella haemolysans
txid1909670	Bacteria	Firmicutes	Bacilli	Bacillales	unclassified Bacillales family	Gemella	Gemella massiliensis
txid29391	Bacteria	Firmicutes	Bacilli	Bacillales	unclassified Bacillales family	Gemella	Gemella morbillorum
txid1179782	Bacteria	Firmicutes	Bacilli	Bacillales	unclassified Bacillales family	Gemella	Gemella parahaemolysans
txid1179787	Bacteria	Firmicutes	Bacilli	Bacillales	unclassified Bacillales family	Gemella	Gemella taiwanensis
txid46125	Bacteria	Firmicutes	Bacilli	Lactobacillales	Aerococcaceae	Abiotrophia	Abiotrophia defectiva
txid119206	Bacteria	Firmicutes	Bacilli	Lactobacillales	Aerococcaceae	Aerococcus	Aerococcus sanguinicola
txid1377	Bacteria	Firmicutes	Bacilli	Lactobacillales	Aerococcaceae	Aerococcus	Aerococcus viridans
txid46124	Bacteria	Firmicutes	Bacilli	Lactobacillales	Carnobacteriaceae	Granulicatella	Granulicatella adiacens
txid137732	Bacteria	Firmicutes	Bacilli	Lactobacillales	Carnobacteriaceae	Granulicatella	Granulicatella elegans
txid1140002	Bacteria	Firmicutes	Bacilli	Lactobacillales	Enterococcaceae	Enterococcus	Enterococcus avium
txid53345	Bacteria	Firmicutes	Bacilli	Lactobacillales	Enterococcaceae	Enterococcus	Enterococcus durans
txid1351	Bacteria	Firmicutes	Bacilli	Lactobacillales	Enterococcaceae	Enterococcus	Enterococcus faecalis
txid1352	Bacteria	Firmicutes	Bacilli	Lactobacillales	Enterococcaceae	Enterococcus	Enterococcus faecium
txid1354	Bacteria	Firmicutes	Bacilli	Lactobacillales	Enterococcaceae	Enterococcus	Enterococcus hirae
txid28038	Bacteria	Firmicutes	Bacilli	Lactobacillales	Lactobacillaceae	Latilactobacillus	Latilactobacillus curvatus
txid1599	Bacteria	Firmicutes	Bacilli	Lactobacillales	Lactobacillaceae	Latilactobacillus	Latilactobacillus sakei
txid935294	Bacteria	Firmicutes	Bacilli	Lactobacillales	Lactobacillaceae	Leuconostoc	Leuconostoc lactis
txid1363	Bacteria	Firmicutes	Bacilli	Lactobacillales	Streptococcaceae	Lactococcus	Lactococcus garvieae
txid1358	Bacteria	Firmicutes	Bacilli	Lactobacillales	Streptococcaceae	Lactococcus	Lactococcus lactis
txid76860	Bacteria	Firmicutes	Bacilli	Lactobacillales	Streptococcaceae	Streptococcus	Streptococcus constellatus
txid889201	Bacteria	Firmicutes	Bacilli	Lactobacillales	Streptococcaceae	Streptococcus	Streptococcus cristatus
txid1968889	Bacteria	Firmicutes	Bacilli	Lactobacillales	Streptococcaceae	Streptococcus	Streptococcus downii
txid1335	Bacteria	Firmicutes	Bacilli	Lactobacillales	Streptococcaceae	Streptococcus	Streptococcus equinus
txid1888195	Bacteria	Firmicutes	Bacilli	Lactobacillales	Streptococcaceae	Streptococcus	Streptococcus himalayensis
txid1156431	Bacteria	Firmicutes	Bacilli	Lactobacillales	Streptococcaceae	Streptococcus	Streptococcus ilei
txid1338	Bacteria	Firmicutes	Bacilli	Lactobacillales	Streptococcaceae	Streptococcus	Streptococcus intermedius
txid2382163	Bacteria	Firmicutes	Bacilli	Lactobacillales	Streptococcaceae	Streptococcus	Streptococcus koreensis
txid28037	Bacteria	Firmicutes	Bacilli	Lactobacillales	Streptococcaceae	Streptococcus	Streptococcus mitis
txid655813	Bacteria	Firmicutes	Bacilli	Lactobacillales	Streptococcaceae	Streptococcus	Streptococcus oralis
txid1547447	Bacteria	Firmicutes	Bacilli	Lactobacillales	Streptococcaceae	Streptococcus	Streptococcus oricebi
txid760570	Bacteria	Firmicutes	Bacilli	Lactobacillales	Streptococcaceae	Streptococcus	Streptococcus parasanguinis
txid1501662	Bacteria	Firmicutes	Bacilli	Lactobacillales	Streptococcaceae	Streptococcus	Streptococcus parasuis
txid197614	Bacteria	Firmicutes	Bacilli	Lactobacillales	Streptococcaceae	Streptococcus	Streptococcus pasteurianus
txid701526	Bacteria	Firmicutes	Bacilli	Lactobacillales	Streptococcaceae	Streptococcus	Streptococcus porcorum
txid1234680	Bacteria	Firmicutes	Bacilli	Lactobacillales	Streptococcaceae	Streptococcus	Streptococcus rubneri
txid1305	Bacteria	Firmicutes	Bacilli	Lactobacillales	Streptococcaceae	Streptococcus	Streptococcus sanguinis
txid176090	Bacteria	Firmicutes	Bacilli	Lactobacillales	Streptococcaceae	Streptococcus	Streptococcus sinensis
txid1852387	Bacteria	Firmicutes	Bacilli	Lactobacillales	Streptococcaceae	Streptococcus	Streptococcus timonensis
txid2853160	Bacteria	Firmicutes	Bacilli	Lactobacillales	Streptococcaceae	Streptococcus	Streptococcus vulneris
txid1712515	Bacteria	Firmicutes	Clostridia	Eubacteriales	Clostridiaceae	Butyricicoccus	Butyricicoccus faecihominis
txid501571	Bacteria	Firmicutes	Clostridia	Eubacteriales	Clostridiaceae	Butyricicoccus	Butyricicoccus pullicaecorum
txid1561	Bacteria	Firmicutes	Clostridia	Eubacteriales	Clostridiaceae	Clostridium	Clostridium baratii
txid179628	Bacteria	Firmicutes	Clostridia	Eubacteriales	Clostridiaceae	Clostridium	Clostridium colicanis
txid2126740	Bacteria	Firmicutes	Clostridia	Eubacteriales	Clostridiaceae	Clostridium	Clostridium fessum
txid759821	Bacteria	Firmicutes	Clostridia	Eubacteriales	Clostridiaceae	Clostridium	Clostridium indicum
txid1414721	Bacteria	Firmicutes	Clostridia	Eubacteriales	Clostridiaceae	Clostridium	Clostridium jeddahense
txid1499684	Bacteria	Firmicutes	Clostridia	Eubacteriales	Clostridiaceae	Clostridium	Clostridium jeddahitimonense
txid1347366	Bacteria	Firmicutes	Clostridia	Eubacteriales	Clostridiaceae	Clostridium	Clostridium massiliamazoniense
txid1958780	Bacteria	Firmicutes	Clostridia	Eubacteriales	Clostridiaceae	Clostridium	Clostridium merdae
txid29363	Bacteria	Firmicutes	Clostridia	Eubacteriales	Clostridiaceae	Clostridium	Clostridium paraputrificum
txid1502	Bacteria	Firmicutes	Clostridia	Eubacteriales	Clostridiaceae	Clostridium	Clostridium perfringens
txid1650661	Bacteria	Firmicutes	Clostridia	Eubacteriales	Clostridiaceae	Clostridium	Clostridium phoceensis
txid2605778	Bacteria	Firmicutes	Clostridia	Eubacteriales	Clostridiaceae	Clostridium	Clostridium porci
txid1559	Bacteria	Firmicutes	Clostridia	Eubacteriales	Clostridiaceae	Clostridium	Clostridium tertium
txid2479838	Bacteria	Firmicutes	Clostridia	Eubacteriales	Clostridiaceae	Clostridium	Clostridium transplantifaecale
txid2784388	Bacteria	Firmicutes	Clostridia	Eubacteriales	Clostridiaceae	Clostridium	Clostridium vitabionis
txid1096246	Bacteria	Firmicutes	Clostridia	Eubacteriales	Clostridiaceae	Hungatella	Hungatella effluvii
txid154046	Bacteria	Firmicutes	Clostridia	Eubacteriales	Clostridiaceae	Hungatella	Hungatella hathewayi
txid384636	Bacteria	Firmicutes	Clostridia	Eubacteriales	Clostridiaceae	Hungatella	Hungatella xylanolytica
txid1871024	Bacteria	Firmicutes	Clostridia	Eubacteriales	Clostridiaceae	Mordavella	Mordavella massiliensis
txid53442	Bacteria	Firmicutes	Clostridia	Eubacteriales	Eubacteriaceae	Eubacterium	Eubacterium callanderi
txid29322	Bacteria	Firmicutes	Clostridia	Eubacteriales	Eubacteriaceae	Eubacterium	Eubacterium cellulosolvens
txid1736	Bacteria	Firmicutes	Clostridia	Eubacteriales	Eubacteriaceae	Eubacterium	Eubacterium limosum
txid2041044	Bacteria	Firmicutes	Clostridia	Eubacteriales	Eubacteriaceae	Eubacterium	Eubacterium maltosivorans
txid1732	Bacteria	Firmicutes	Clostridia	Eubacteriales	Eubacteriaceae	Eubacterium	Eubacterium oxidoreducens
txid42322	Bacteria	Firmicutes	Clostridia	Eubacteriales	Eubacteriaceae	Eubacterium	Eubacterium ruminantium
txid1907655	Bacteria	Firmicutes	Clostridia	Eubacteriales	Eubacteriales Family XIII. Incertae Sedis	Congobacterium	Congobacterium massiliense
txid35517	Bacteria	Firmicutes	Clostridia	Eubacteriales	Eubacteriales Family XIII. Incertae Sedis	unclassified Eubacteriales Family XIII. Incertae Sedis genus	Eubacterium brachy
txid879566	Bacteria	Firmicutes	Clostridia	Eubacteriales	Lachnospiraceae	Acetatifactor	Acetatifactor muris
txid105843	Bacteria	Firmicutes	Clostridia	Eubacteriales	Lachnospiraceae	Anaerobutyricum	Anaerobutyricum soehngenii
txid1527	Bacteria	Firmicutes	Clostridia	Eubacteriales	Lachnospiraceae	Anaerocolumna	Anaerocolumna aminovalerica
txid433286	Bacteria	Firmicutes	Clostridia	Eubacteriales	Lachnospiraceae	Anaerocolumna	Anaerocolumna cellulosilytica
txid1727145	Bacteria	Firmicutes	Clostridia	Eubacteriales	Lachnospiraceae	Anaerocolumna	Anaerocolumna chitinilytica
txid259063	Bacteria	Firmicutes	Clostridia	Eubacteriales	Lachnospiraceae	Anaerocolumna	Anaerocolumna jejuensis
txid2696063	Bacteria	Firmicutes	Clostridia	Eubacteriales	Lachnospiraceae	Anaerocolumna	Anaerocolumna sedimenticola
txid100134	Bacteria	Firmicutes	Clostridia	Eubacteriales	Lachnospiraceae	Anaerocolumna	Anaerocolumna xylanovorans
txid1812858	Bacteria	Firmicutes	Clostridia	Eubacteriales	Lachnospiraceae	Anaerosacchariphilus	Anaerosacchariphilus polymeriproducens
txid2738446	Bacteria	Firmicutes	Clostridia	Eubacteriales	Lachnospiraceae	Anaerostipes	Anaerostipes faecalis
txid649756	Bacteria	Firmicutes	Clostridia	Eubacteriales	Lachnospiraceae	Anaerostipes	Anaerostipes hadrus
txid433293	Bacteria	Firmicutes	Clostridia	Eubacteriales	Lachnospiraceae	Anaerotaenia	Anaerotaenia torta
txid1745713	Bacteria	Firmicutes	Clostridia	Eubacteriales	Lachnospiraceae	Bariatricus	Bariatricus massiliensis
txid2606636	Bacteria	Firmicutes	Clostridia	Eubacteriales	Lachnospiraceae	Bilifractor	Bilifractor porci
txid1912897	Bacteria	Firmicutes	Clostridia	Eubacteriales	Lachnospiraceae	Blautia	Blautia argi
txid2696678	Bacteria	Firmicutes	Clostridia	Eubacteriales	Lachnospiraceae	Blautia	Blautia brookingsii
txid1796615	Bacteria	Firmicutes	Clostridia	Eubacteriales	Lachnospiraceae	Blautia	Blautia caecimuris
txid1532	Bacteria	Firmicutes	Clostridia	Eubacteriales	Lachnospiraceae	Blautia	Blautia coccoides
txid2509240	Bacteria	Firmicutes	Clostridia	Eubacteriales	Lachnospiraceae	Blautia	Blautia faecicola
txid536633	Bacteria	Firmicutes	Clostridia	Eubacteriales	Lachnospiraceae	Blautia	Blautia glucerasea
txid537007	Bacteria	Firmicutes	Clostridia	Eubacteriales	Lachnospiraceae	Blautia	Blautia hansenii
txid2025493	Bacteria	Firmicutes	Clostridia	Eubacteriales	Lachnospiraceae	Blautia	Blautia hominis
txid53443	Bacteria	Firmicutes	Clostridia	Eubacteriales	Lachnospiraceae	Blautia	Blautia hydrogenotrophica
txid2763028	Bacteria	Firmicutes	Clostridia	Eubacteriales	Lachnospiraceae	Blautia	Blautia intestinalis
txid2779518	Bacteria	Firmicutes	Clostridia	Eubacteriales	Lachnospiraceae	Blautia	Blautia liquoris
txid89014	Bacteria	Firmicutes	Clostridia	Eubacteriales	Lachnospiraceae	Blautia	Blautia luti
txid1917868	Bacteria	Firmicutes	Clostridia	Eubacteriales	Lachnospiraceae	Blautia	Blautia marasmi
txid1121114	Bacteria	Firmicutes	Clostridia	Eubacteriales	Lachnospiraceae	Blautia	Blautia producta
txid1936059	Bacteria	Firmicutes	Clostridia	Eubacteriales	Lachnospiraceae	Blautia	Blautia provencensis
txid1796616	Bacteria	Firmicutes	Clostridia	Eubacteriales	Lachnospiraceae	Blautia	Blautia pseudococcoides
txid180164	Bacteria	Firmicutes	Clostridia	Eubacteriales	Lachnospiraceae	Blautia	Blautia schinkii
txid871664	Bacteria	Firmicutes	Clostridia	Eubacteriales	Lachnospiraceae	Blautia	Blautia stercoris
txid1121115	Bacteria	Firmicutes	Clostridia	Eubacteriales	Lachnospiraceae	Blautia	Blautia wexlerae
txid45851	Bacteria	Firmicutes	Clostridia	Eubacteriales	Lachnospiraceae	Butyrivibrio	Butyrivibrio crossotus
txid831	Bacteria	Firmicutes	Clostridia	Eubacteriales	Lachnospiraceae	Butyrivibrio	Butyrivibrio fibrisolvens
txid185008	Bacteria	Firmicutes	Clostridia	Eubacteriales	Lachnospiraceae	Butyrivibrio	Butyrivibrio hungatei
txid43305	Bacteria	Firmicutes	Clostridia	Eubacteriales	Lachnospiraceae	Butyrivibrio	Butyrivibrio proteoclasticus
txid673271	Bacteria	Firmicutes	Clostridia	Eubacteriales	Lachnospiraceae	Catenibacillus	Catenibacillus scindens
txid642492	Bacteria	Firmicutes	Clostridia	Eubacteriales	Lachnospiraceae	Cellulosilyticum	Cellulosilyticum lentocellum
txid33043	Bacteria	Firmicutes	Clostridia	Eubacteriales	Lachnospiraceae	Coprococcus	Coprococcus eutactus
txid1796618	Bacteria	Firmicutes	Clostridia	Eubacteriales	Lachnospiraceae	Cuneatibacter	Cuneatibacter caecimuris
txid2850323	Bacteria	Firmicutes	Clostridia	Eubacteriales	Lachnospiraceae	Diplocloster	Diplocloster agilis
txid2850322	Bacteria	Firmicutes	Clostridia	Eubacteriales	Lachnospiraceae	Diplocloster	Diplocloster modestus
txid1720294	Bacteria	Firmicutes	Clostridia	Eubacteriales	Lachnospiraceae	Eisenbergiella	Eisenbergiella massiliensis
txid2652274	Bacteria	Firmicutes	Clostridia	Eubacteriales	Lachnospiraceae	Eisenbergiella	Eisenbergiella porci
txid1432052	Bacteria	Firmicutes	Clostridia	Eubacteriales	Lachnospiraceae	Eisenbergiella	Eisenbergiella tayi
txid358742	Bacteria	Firmicutes	Clostridia	Eubacteriales	Lachnospiraceae	Enterocloster	Enterocloster aldenensis
txid208479	Bacteria	Firmicutes	Clostridia	Eubacteriales	Lachnospiraceae	Enterocloster	Enterocloster bolteae
txid358743	Bacteria	Firmicutes	Clostridia	Eubacteriales	Lachnospiraceae	Enterocloster	Enterocloster citroniae
txid1531	Bacteria	Firmicutes	Clostridia	Eubacteriales	Lachnospiraceae	Enterocloster	Enterocloster clostridioformis
txid460384	Bacteria	Firmicutes	Clostridia	Eubacteriales	Lachnospiraceae	Enterocloster	Enterocloster lavalensis
txid2788944	Bacteria	Firmicutes	Clostridia	Eubacteriales	Lachnospiraceae	Faecalicatena	Faecalicatena absiana
txid39482	Bacteria	Firmicutes	Clostridia	Eubacteriales	Lachnospiraceae	Faecalicatena	Faecalicatena contorta
txid2726362	Bacteria	Firmicutes	Clostridia	Eubacteriales	Lachnospiraceae	Faecalicatena	Faecalicatena faecalis
txid290055	Bacteria	Firmicutes	Clostridia	Eubacteriales	Lachnospiraceae	Faecalicatena	Faecalicatena fissicatena
txid1544	Bacteria	Firmicutes	Clostridia	Eubacteriales	Lachnospiraceae	Faecalicatena	Faecalicatena orotica
txid1912855	Bacteria	Firmicutes	Clostridia	Eubacteriales	Lachnospiraceae	Faecalimonas	Faecalimonas umbilicata
txid1150298	Bacteria	Firmicutes	Clostridia	Eubacteriales	Lachnospiraceae	Fusicatenibacter	Fusicatenibacter saccharivorans
txid1408099	Bacteria	Firmicutes	Clostridia	Eubacteriales	Lachnospiraceae	Fusimonas	Fusimonas intestini
txid1912090	Bacteria	Firmicutes	Clostridia	Eubacteriales	Lachnospiraceae	Gluceribacter	Gluceribacter canis
txid1564487	Bacteria	Firmicutes	Clostridia	Eubacteriales	Lachnospiraceae	Herbinix	Herbinix hemicellulosilytica
txid1679721	Bacteria	Firmicutes	Clostridia	Eubacteriales	Lachnospiraceae	Herbinix	Herbinix luporum
txid180286	Bacteria	Firmicutes	Clostridia	Eubacteriales	Lachnospiraceae	Hespellia	Hespellia porcina
txid180311	Bacteria	Firmicutes	Clostridia	Eubacteriales	Lachnospiraceae	Hespellia	Hespellia stercorisuis
txid2885351	Bacteria	Firmicutes	Clostridia	Eubacteriales	Lachnospiraceae	Hominisplanchenecus	Hominisplanchenecus faecis
txid2763671	Bacteria	Firmicutes	Clostridia	Eubacteriales	Lachnospiraceae	Jingyaoa	Jingyaoa shaoxingensis
txid679200	Bacteria	Firmicutes	Clostridia	Eubacteriales	Lachnospiraceae	Johnsonella	Johnsonella ignava
txid2763668	Bacteria	Firmicutes	Clostridia	Eubacteriales	Lachnospiraceae	Jutongia	Jutongia huaianensis
txid1469948	Bacteria	Firmicutes	Clostridia	Eubacteriales	Lachnospiraceae	Kineothrix	Kineothrix alysoides
txid2002841	Bacteria	Firmicutes	Clostridia	Eubacteriales	Lachnospiraceae	Konateibacter	Konateibacter massiliensis
txid887325	Bacteria	Firmicutes	Clostridia	Eubacteriales	Lachnospiraceae	Lachnoanaerobaculum	Lachnoanaerobaculum saburreum
txid140626	Bacteria	Firmicutes	Clostridia	Eubacteriales	Lachnospiraceae	Lachnobacterium	Lachnobacterium bovis
txid29364	Bacteria	Firmicutes	Clostridia	Eubacteriales	Lachnospiraceae	Lachnoclostridium	Clostridium polysaccharolyticum
txid29347	Bacteria	Firmicutes	Clostridia	Eubacteriales	Lachnospiraceae	Lachnoclostridium	Clostridium scindens
txid1512	Bacteria	Firmicutes	Clostridia	Eubacteriales	Lachnospiraceae	Lachnoclostridium	Clostridium symbiosum
txid1926283	Bacteria	Firmicutes	Clostridia	Eubacteriales	Lachnospiraceae	Lachnoclostridium	Lachnoclostridium edouardi
txid1917870	Bacteria	Firmicutes	Clostridia	Eubacteriales	Lachnospiraceae	Lachnoclostridium	Lachnoclostridium pacaense
txid1871021	Bacteria	Firmicutes	Clostridia	Eubacteriales	Lachnospiraceae	Lachnoclostridium	Lachnoclostridium phocaeense
txid1852382	Bacteria	Firmicutes	Clostridia	Eubacteriales	Lachnospiraceae	Lachnoclostridium	Lachnoclostridium urinimassiliense
txid36832	Bacteria	Firmicutes	Clostridia	Eubacteriales	Lachnospiraceae	Lacrimispora	Lacrimispora aerotolerans
txid94868	Bacteria	Firmicutes	Clostridia	Eubacteriales	Lachnospiraceae	Lacrimispora	Lacrimispora algidixylanolytica
txid253257	Bacteria	Firmicutes	Clostridia	Eubacteriales	Lachnospiraceae	Lacrimispora	Lacrimispora amygdalina
txid1286362	Bacteria	Firmicutes	Clostridia	Eubacteriales	Lachnospiraceae	Lacrimispora	Lacrimispora celerecrescens
txid69825	Bacteria	Firmicutes	Clostridia	Eubacteriales	Lachnospiraceae	Lacrimispora	Lacrimispora indolis
txid84030	Bacteria	Firmicutes	Clostridia	Eubacteriales	Lachnospiraceae	Lacrimispora	Lacrimispora saccharolytica
txid29370	Bacteria	Firmicutes	Clostridia	Eubacteriales	Lachnospiraceae	Lacrimispora	Lacrimispora sphenoides
txid29375	Bacteria	Firmicutes	Clostridia	Eubacteriales	Lachnospiraceae	Lacrimispora	Lacrimispora xylanolytica
txid168384	Bacteria	Firmicutes	Clostridia	Eubacteriales	Lachnospiraceae	Marvinbryantia	Marvinbryantia formatexigens
txid2316025	Bacteria	Firmicutes	Clostridia	Eubacteriales	Lachnospiraceae	Mediterraneibacter	Mediterraneibacter butyricigenes
txid1298596	Bacteria	Firmicutes	Clostridia	Eubacteriales	Lachnospiraceae	Mediterraneibacter	Mediterraneibacter faecis
txid411470	Bacteria	Firmicutes	Clostridia	Eubacteriales	Lachnospiraceae	Mediterraneibacter	Ruminococcus gnavus
txid471875	Bacteria	Firmicutes	Clostridia	Eubacteriales	Lachnospiraceae	Mediterraneibacter	Ruminococcus lactaris
txid33039	Bacteria	Firmicutes	Clostridia	Eubacteriales	Lachnospiraceae	Mediterraneibacter	Ruminococcus torques
txid1653435	Bacteria	Firmicutes	Clostridia	Eubacteriales	Lachnospiraceae	Merdimonas	Merdimonas faecis
txid1462919	Bacteria	Firmicutes	Clostridia	Eubacteriales	Lachnospiraceae	Mobilitalea	Mobilitalea sibirica
txid1796634	Bacteria	Firmicutes	Clostridia	Eubacteriales	Lachnospiraceae	Muricomes	Muricomes intestini
txid1337051	Bacteria	Firmicutes	Clostridia	Eubacteriales	Lachnospiraceae	Murimonas	Murimonas intestini
txid2068655	Bacteria	Firmicutes	Clostridia	Eubacteriales	Lachnospiraceae	Novisyntrophococcus	Novisyntrophococcus fermenticellae
txid2606633	Bacteria	Firmicutes	Clostridia	Eubacteriales	Lachnospiraceae	Oliverpabstia	Oliverpabstia intestinalis
txid796944	Bacteria	Firmicutes	Clostridia	Eubacteriales	Lachnospiraceae	Oribacterium	Oribacterium asaccharolyticum
txid796943	Bacteria	Firmicutes	Clostridia	Eubacteriales	Lachnospiraceae	Oribacterium	Oribacterium parvum
txid237576	Bacteria	Firmicutes	Clostridia	Eubacteriales	Lachnospiraceae	Oribacterium	Oribacterium sinus
txid2606632	Bacteria	Firmicutes	Clostridia	Eubacteriales	Lachnospiraceae	Porcincola	Porcincola intestinalis
txid2763669	Bacteria	Firmicutes	Clostridia	Eubacteriales	Lachnospiraceae	Qiania	Qiania dongpingensis
txid180332	Bacteria	Firmicutes	Clostridia	Eubacteriales	Lachnospiraceae	Robinsoniella	Robinsoniella peoriensis
txid301302	Bacteria	Firmicutes	Clostridia	Eubacteriales	Lachnospiraceae	Roseburia	Roseburia faecis
txid585394	Bacteria	Firmicutes	Clostridia	Eubacteriales	Lachnospiraceae	Roseburia	Roseburia hominis
txid536231	Bacteria	Firmicutes	Clostridia	Eubacteriales	Lachnospiraceae	Roseburia	Roseburia intestinalis
txid622312	Bacteria	Firmicutes	Clostridia	Eubacteriales	Lachnospiraceae	Roseburia	Roseburia inulinivorans
txid2605790	Bacteria	Firmicutes	Clostridia	Eubacteriales	Lachnospiraceae	Roseburia	Roseburia porci
txid2044587	Bacteria	Firmicutes	Clostridia	Eubacteriales	Lachnospiraceae	Schaedlerella	Schaedlerella arabinosiphila
txid1653434	Bacteria	Firmicutes	Clostridia	Eubacteriales	Lachnospiraceae	Sellimonas	Sellimonas intestinalis
txid2779351	Bacteria	Firmicutes	Clostridia	Eubacteriales	Lachnospiraceae	Sellimonas	Sellimonas monacensis
txid2681861	Bacteria	Firmicutes	Clostridia	Eubacteriales	Lachnospiraceae	Sporofaciens	Sporofaciens musculi
txid796942	Bacteria	Firmicutes	Clostridia	Eubacteriales	Lachnospiraceae	Stomatobaculum	Stomatobaculum longum
txid84037	Bacteria	Firmicutes	Clostridia	Eubacteriales	Lachnospiraceae	Syntrophococcus	Syntrophococcus sucromutans
txid36835	Bacteria	Firmicutes	Clostridia	Eubacteriales	Lachnospiraceae	Tyzzerella	Clostridium colinum
txid2755051	Bacteria	Firmicutes	Clostridia	Eubacteriales	Lachnospiraceae	Variimorphobacter	Variimorphobacter saccharofermentans
txid2606634	Bacteria	Firmicutes	Clostridia	Eubacteriales	Lachnospiraceae	Velocimicrobium	Velocimicrobium porci
txid2606635	Bacteria	Firmicutes	Clostridia	Eubacteriales	Lachnospiraceae	Waltera	Waltera intestinalis
txid2763667	Bacteria	Firmicutes	Clostridia	Eubacteriales	Lachnospiraceae	Wansuia	Wansuia hejianensis
txid2763670	Bacteria	Firmicutes	Clostridia	Eubacteriales	Lachnospiraceae	Wujia	Wujia chipingensis
txid290052	Bacteria	Firmicutes	Clostridia	Eubacteriales	Oscillospiraceae	Acetivibrio	Acetivibrio ethanolgignens
txid253314	Bacteria	Firmicutes	Clostridia	Eubacteriales	Oscillospiraceae	Acetivibrio	Acetivibrio straminisolvens
txid1628085	Bacteria	Firmicutes	Clostridia	Eubacteriales	Oscillospiraceae	Agathobaculum	Agathobaculum butyriciproducens
txid39484	Bacteria	Firmicutes	Clostridia	Eubacteriales	Oscillospiraceae	Agathobaculum	Agathobaculum desmolans
txid1673717	Bacteria	Firmicutes	Clostridia	Eubacteriales	Oscillospiraceae	Anaeromassilibacillus	Anaeromassilibacillus senegalensis
txid169435	Bacteria	Firmicutes	Clostridia	Eubacteriales	Oscillospiraceae	Anaerotruncus	Anaerotruncus colihominis
txid642589	Bacteria	Firmicutes	Clostridia	Eubacteriales	Oscillospiraceae	Caproiciproducens	Caproiciproducens galactitolivorans
txid1632013	Bacteria	Firmicutes	Clostridia	Eubacteriales	Oscillospiraceae	Drancourtella	Drancourtella massiliensis
txid2841504	Bacteria	Firmicutes	Clostridia	Eubacteriales	Oscillospiraceae	Dysosmobacter	Dysosmobacter acutus
txid292800	Bacteria	Firmicutes	Clostridia	Eubacteriales	Oscillospiraceae	Flavonifractor	Flavonifractor plautii
txid2764322	Bacteria	Firmicutes	Clostridia	Eubacteriales	Oscillospiraceae	Hydrogeniiclostridium	Hydrogeniiclostridium mannosilyticum
txid1841866	Bacteria	Firmicutes	Clostridia	Eubacteriales	Oscillospiraceae	Oscillibacter	Oscillibacter massiliensis
txid2779352	Bacteria	Firmicutes	Clostridia	Eubacteriales	Oscillospiraceae	Pseudoflavonifractor	Pseudoflavonifractor gallinarum
txid1870988	Bacteria	Firmicutes	Clostridia	Eubacteriales	Oscillospiraceae	Pseudoflavonifractor	Pseudoflavonifractor phocaeensis
txid2714358	Bacteria	Firmicutes	Clostridia	Eubacteriales	Oscillospiraceae	Pusillibacter	Pusillibacter faecalis
txid2780922	Bacteria	Firmicutes	Clostridia	Eubacteriales	Oscillospiraceae	Solibaculum	Solibaculum mannosilyticum
txid214851	Bacteria	Firmicutes	Clostridia	Eubacteriales	Oscillospiraceae	Subdoligranulum	Subdoligranulum variabile
txid2714355	Bacteria	Firmicutes	Clostridia	Eubacteriales	Oscillospiraceae	Vescimonas	Vescimonas coprocola
txid2714353	Bacteria	Firmicutes	Clostridia	Eubacteriales	Oscillospiraceae	Vescimonas	Vescimonas fastidiosa
txid1535	Bacteria	Firmicutes	Clostridia	Eubacteriales	Oscillospiraceae	unclassified Oscillospiraceae genus	Clostridium leptum
txid2741	Bacteria	Firmicutes	Clostridia	Eubacteriales	Peptococcaceae	Peptococcus	Peptococcus niger
txid1643805	Bacteria	Firmicutes	Clostridia	Eubacteriales	Peptococcaceae	Peptococcus	Peptococcus simiae
txid1121308	Bacteria	Firmicutes	Clostridia	Eubacteriales	Peptostreptococcaceae	Clostridioides	Clostridioides difficile
txid1301100	Bacteria	Firmicutes	Clostridia	Eubacteriales	Peptostreptococcaceae	Romboutsia	Clostridium dakarense
txid1776391	Bacteria	Firmicutes	Clostridia	Eubacteriales	Peptostreptococcaceae	Romboutsia	Romboutsia timonensis
txid1417852	Bacteria	Firmicutes	Clostridia	Eubacteriales	unclassified Eubacteriales family	Flintibacter	Flintibacter butyricus
txid2086584	Bacteria	Firmicutes	Clostridia	Eubacteriales	unclassified Eubacteriales family	Massilistercora	Massilistercora timonensis
txid384638	Bacteria	Firmicutes	Clostridia	Eubacteriales	unclassified Eubacteriales family	unclassified Eubacteriales genus	Bacteroides pectinophilus
txid1034346	Bacteria	Firmicutes	Erysipelotrichia	Erysipelotrichales	Erysipelotrichaceae	Dielma	Dielma fastidiosa
txid1522	Bacteria	Firmicutes	Erysipelotrichia	Erysipelotrichales	Erysipelotrichaceae	Erysipelatoclostridium	Clostridium innocuum
txid1547	Bacteria	Firmicutes	Erysipelotrichia	Erysipelotrichales	Erysipelotrichaceae	Erysipelatoclostridium	Erysipelatoclostridium ramosum
txid2654621	Bacteria	Firmicutes	Negativicutes	Acidaminococcales	Acidaminococcaceae	Phascolarctobacterium	Phascolarctobacterium wakonense
txid742816	Bacteria	Firmicutes	Negativicutes	Selenomonadales	Selenomonadaceae	Megamonas	Megamonas funiformis
txid158847	Bacteria	Firmicutes	Negativicutes	Selenomonadales	Selenomonadaceae	Megamonas	Megamonas hypermegale
txid491921	Bacteria	Firmicutes	Negativicutes	Selenomonadales	Selenomonadaceae	Megamonas	Megamonas rupellensis
txid865	Bacteria	Firmicutes	Negativicutes	Selenomonadales	Selenomonadaceae	Pectinatus	Pectinatus frisingensis
txid671224	Bacteria	Firmicutes	Negativicutes	Selenomonadales	Selenomonadaceae	Selenomonas	Selenomonas artemidis
txid416586	Bacteria	Firmicutes	Negativicutes	Selenomonadales	Selenomonadaceae	Selenomonas	Selenomonas bovis
txid1944634	Bacteria	Firmicutes	Negativicutes	Selenomonadales	Selenomonadaceae	Selenomonas	Selenomonas felix
txid135082	Bacteria	Firmicutes	Negativicutes	Selenomonadales	Selenomonadaceae	Selenomonas	Selenomonas infelix
txid135083	Bacteria	Firmicutes	Negativicutes	Selenomonadales	Selenomonadaceae	Selenomonas	Selenomonas noxia
txid209880	Bacteria	Firmicutes	Negativicutes	Veillonellales	Veillonellaceae	Allisonella	Allisonella histaminiformans
txid156456	Bacteria	Firmicutes	Negativicutes	Veillonellales	Veillonellaceae	Anaeroglobus	Anaeroglobus geminatus
txid1852378	Bacteria	Firmicutes	Negativicutes	Veillonellales	Veillonellaceae	Caecibacter	Caecibacter massiliensis
txid1852379	Bacteria	Firmicutes	Negativicutes	Veillonellales	Veillonellaceae	Colibacter	Colibacter massiliensis
txid1122219	Bacteria	Firmicutes	Negativicutes	Veillonellales	Veillonellaceae	Megasphaera	Megasphaera cerevisiae
txid1064535	Bacteria	Firmicutes	Negativicutes	Veillonellales	Veillonellaceae	Megasphaera	Megasphaera elsdenii
txid1675036	Bacteria	Firmicutes	Negativicutes	Veillonellales	Veillonellaceae	Megasphaera	Megasphaera hexanoica
txid1588748	Bacteria	Firmicutes	Negativicutes	Veillonellales	Veillonellaceae	Megasphaera	Megasphaera hutchinsoni
txid879612	Bacteria	Firmicutes	Negativicutes	Veillonellales	Veillonellaceae	Megasphaera	Megasphaera indica
txid1232428	Bacteria	Firmicutes	Negativicutes	Veillonellales	Veillonellaceae	Megasphaera	Megasphaera massiliensis
txid187326	Bacteria	Firmicutes	Negativicutes	Veillonellales	Veillonellaceae	Megasphaera	Megasphaera micronuciformis
txid349095	Bacteria	Firmicutes	Negativicutes	Veillonellales	Veillonellaceae	Megasphaera	Megasphaera paucivorans
txid2144175	Bacteria	Firmicutes	Negativicutes	Veillonellales	Veillonellaceae	Megasphaera	Megasphaera stantonii
txid349094	Bacteria	Firmicutes	Negativicutes	Veillonellales	Veillonellaceae	Megasphaera	Megasphaera sueciensis
txid1111454	Bacteria	Firmicutes	Negativicutes	Veillonellales	Veillonellaceae	Megasphaera	Megasphaera vaginalis
txid2045301	Bacteria	Firmicutes	Negativicutes	Veillonellales	Veillonellaceae	Megasphaera	Megasphaera vaginalis Bordigoni et al. 2020
txid1936062	Bacteria	Firmicutes	Negativicutes	Veillonellales	Veillonellaceae	Veillonella	Veillonella massiliensis
txid479436	Bacteria	Firmicutes	Negativicutes	Veillonellales	Veillonellaceae	Veillonella	Veillonella parvula
txid103892	Bacteria	Firmicutes	Negativicutes	Veillonellales	Veillonellaceae	Veillonella	Veillonella ratti
txid423477	Bacteria	Firmicutes	Negativicutes	Veillonellales	Veillonellaceae	Veillonella	Veillonella rogosae
txid33033	Bacteria	Firmicutes	Tissierellia	Tissierellales	Peptoniphilaceae	Parvimonas	Parvimonas micra
txid134605	Bacteria	Fusobacteria	Fusobacteriia	Fusobacteriales	Fusobacteriaceae	Fusobacterium	Fusobacterium equinum
txid1755100	Bacteria	Fusobacteria	Fusobacteriia	Fusobacteriales	Fusobacteriaceae	Fusobacterium	Fusobacterium gastrosuis
txid1852365	Bacteria	Fusobacteria	Fusobacteriia	Fusobacteriales	Fusobacteriaceae	Fusobacterium	Fusobacterium massiliense
txid850	Bacteria	Fusobacteria	Fusobacteriia	Fusobacteriales	Fusobacteriaceae	Fusobacterium	Fusobacterium mortiferum
txid859	Bacteria	Fusobacteria	Fusobacteriia	Fusobacteriales	Fusobacteriaceae	Fusobacterium	Fusobacterium necrophorum
txid1196653	Bacteria	Fusobacteria	Fusobacteriia	Fusobacteriales	Fusobacteriaceae	Fusobacterium	Fusobacterium nucleatum
txid852	Bacteria	Fusobacteria	Fusobacteriia	Fusobacteriales	Fusobacteriaceae	Fusobacterium	Fusobacterium perfoetens
txid861	Bacteria	Fusobacteria	Fusobacteriia	Fusobacteriales	Fusobacteriaceae	Fusobacterium	Fusobacterium ulcerans
txid856	Bacteria	Fusobacteria	Fusobacteriia	Fusobacteriales	Fusobacteriaceae	Fusobacterium	Fusobacterium varium
txid109328	Bacteria	Fusobacteria	Fusobacteriia	Fusobacteriales	Leptotrichiaceae	Leptotrichia	Leptotrichia trevisanii
txid1162717	Bacteria	Fusobacteria	Fusobacteriia	Fusobacteriales	Leptotrichiaceae	Pseudostreptobacillus	Pseudostreptobacillus hongkongensis
txid2857064	Bacteria	Proteobacteria	Alphaproteobacteria	Emcibacterales	Emcibacteraceae	Pseudemcibacter	Pseudemcibacter aquimaris
txid1966466	Bacteria	Proteobacteria	Alphaproteobacteria	Rhodobacterales	Rhodobacteraceae	Paracoccus	Paracoccus aeridis
txid2032623	Bacteria	Proteobacteria	Alphaproteobacteria	Rhodobacterales	Rhodobacteraceae	Paracoccus	Paracoccus salipaludis
txid1631957	Bacteria	Proteobacteria	Betaproteobacteria	Burkholderiales	Alcaligenaceae	Pelistega	Pelistega suis
txid1770004	Bacteria	Proteobacteria	Betaproteobacteria	Burkholderiales	Burkholderiaceae	Caenibaculum	Caenibaculum baiyandianus
txid2490857	Bacteria	Proteobacteria	Betaproteobacteria	Burkholderiales	Burkholderiaceae	Lautropia	Lautropia dentalis
txid47671	Bacteria	Proteobacteria	Betaproteobacteria	Burkholderiales	Burkholderiaceae	Lautropia	Lautropia mirabilis
txid1207057	Bacteria	Proteobacteria	Betaproteobacteria	Burkholderiales	Comamonadaceae	Ottowia	Ottowia beijingensis
txid1335047	Bacteria	Proteobacteria	Betaproteobacteria	Burkholderiales	Comamonadaceae	Ottowia	Ottowia shaoguanensis
txid2816950	Bacteria	Proteobacteria	Betaproteobacteria	Burkholderiales	Comamonadaceae	Ottowia	Ottowia testudinis
txid391358	Bacteria	Proteobacteria	Betaproteobacteria	Burkholderiales	Sphaerotilaceae	Caldimonas	Caldimonas hydrothermale
txid196015	Bacteria	Proteobacteria	Betaproteobacteria	Burkholderiales	Sphaerotilaceae	Caldimonas	Caldimonas manganoxidans
txid1506471	Bacteria	Proteobacteria	Betaproteobacteria	Burkholderiales	Sutterellaceae	Dakarella	Dakarella massiliensis
txid1852381	Bacteria	Proteobacteria	Betaproteobacteria	Burkholderiales	Sutterellaceae	Duodenibacillus	Duodenibacillus massiliensis
txid626947	Bacteria	Proteobacteria	Betaproteobacteria	Burkholderiales	Sutterellaceae	Parasutterella	Parasutterella secunda
txid2584944	Bacteria	Proteobacteria	Betaproteobacteria	Burkholderiales	Sutterellaceae	Sutterella	Sutterella faecalis
txid1816689	Bacteria	Proteobacteria	Betaproteobacteria	Burkholderiales	Sutterellaceae	Sutterella	Sutterella massiliensis
txid2494234	Bacteria	Proteobacteria	Betaproteobacteria	Burkholderiales	Sutterellaceae	Sutterella	Sutterella megalosphaeroides
txid1944635	Bacteria	Proteobacteria	Betaproteobacteria	Burkholderiales	Sutterellaceae	Sutterella	Sutterella seckii
txid40545	Bacteria	Proteobacteria	Betaproteobacteria	Burkholderiales	Sutterellaceae	Sutterella	Sutterella wadsworthensis
txid539	Bacteria	Proteobacteria	Betaproteobacteria	Neisseriales	Neisseriaceae	Eikenella	Eikenella corrodens
txid1795832	Bacteria	Proteobacteria	Betaproteobacteria	Neisseriales	Neisseriaceae	Eikenella	Eikenella halliae
txid1795827	Bacteria	Proteobacteria	Betaproteobacteria	Neisseriales	Neisseriaceae	Eikenella	Eikenella longinqua
txid265175	Bacteria	Proteobacteria	Betaproteobacteria	Neisseriales	Neisseriaceae	Kingella	Kingella potus
txid90367	Bacteria	Proteobacteria	Betaproteobacteria	Neisseriales	Neisseriaceae	Neisseria	Neisseria elongata
txid496	Bacteria	Proteobacteria	Betaproteobacteria	Neisseriales	Neisseriaceae	Neisseria	Neisseria macacae
txid1107316	Bacteria	Proteobacteria	Betaproteobacteria	Neisseriales	Neisseriaceae	Neisseria	Neisseria oralis
txid33053	Bacteria	Proteobacteria	Betaproteobacteria	Neisseriales	Neisseriaceae	Neisseria	Neisseria perflava
txid1032488	Bacteria	Proteobacteria	Betaproteobacteria	Neisseriales	Neisseriaceae	Neisseria	Neisseria shayeganii
txid28091	Bacteria	Proteobacteria	Betaproteobacteria	Neisseriales	Neisseriaceae	Neisseria	Neisseria weaveri
txid76115	Bacteria	Proteobacteria	Betaproteobacteria	Rhodocyclales	Rhodocyclaceae	Aromatoleum	Aromatoleum bremense
txid83767	Bacteria	Proteobacteria	Betaproteobacteria	Rhodocyclales	Rhodocyclaceae	Propionivibrio	Propionivibrio dicarboxylicus
txid65401	Bacteria	Proteobacteria	Betaproteobacteria	Rhodocyclales	Rhodocyclaceae	Propionivibrio	Propionivibrio pelophilus
txid200	Bacteria	Proteobacteria	Epsilonproteobacteria	Campylobacterales	Campylobacteraceae	Campylobacter	Campylobacter curvus
txid824	Bacteria	Proteobacteria	Epsilonproteobacteria	Campylobacterales	Campylobacteraceae	Campylobacter	Campylobacter gracilis
txid2762557	Bacteria	Proteobacteria	Epsilonproteobacteria	Campylobacterales	Campylobacteraceae	Campylobacter	Campylobacter massiliensis
txid203	Bacteria	Proteobacteria	Epsilonproteobacteria	Campylobacterales	Campylobacteraceae	Campylobacter	Campylobacter rectus
txid204	Bacteria	Proteobacteria	Epsilonproteobacteria	Campylobacterales	Campylobacteraceae	Campylobacter	Campylobacter showae
txid43948	Bacteria	Proteobacteria	Gammaproteobacteria	Aeromonadales	Aeromonadaceae	Tolumonas	Tolumonas auensis
txid13335	Bacteria	Proteobacteria	Gammaproteobacteria	Aeromonadales	Succinivibrionaceae	Anaerobiospirillum	Anaerobiospirillum succiniciproducens
txid179995	Bacteria	Proteobacteria	Gammaproteobacteria	Aeromonadales	Succinivibrionaceae	Anaerobiospirillum	Anaerobiospirillum thomasii
txid762983	Bacteria	Proteobacteria	Gammaproteobacteria	Aeromonadales	Succinivibrionaceae	Succinatimonas	Succinatimonas hippei
txid83769	Bacteria	Proteobacteria	Gammaproteobacteria	Aeromonadales	Succinivibrionaceae	Succinimonas	Succinimonas amylolytica
txid83771	Bacteria	Proteobacteria	Gammaproteobacteria	Aeromonadales	Succinivibrionaceae	Succinivibrio	Succinivibrio dextrinosolvens
txid2718	Bacteria	Proteobacteria	Gammaproteobacteria	Cardiobacteriales	Cardiobacteriaceae	Cardiobacterium	Cardiobacterium hominis
txid194702	Bacteria	Proteobacteria	Gammaproteobacteria	Cardiobacteriales	Cardiobacteriaceae	Cardiobacterium	Cardiobacterium valvarum
txid565	Bacteria	Proteobacteria	Gammaproteobacteria	Enterobacterales	Enterobacteriaceae	Atlantibacter	Atlantibacter hermannii
txid255519	Bacteria	Proteobacteria	Gammaproteobacteria	Enterobacterales	Enterobacteriaceae	Atlantibacter	Atlantibacter subterranea
txid566551	Bacteria	Proteobacteria	Gammaproteobacteria	Enterobacterales	Enterobacteriaceae	Cedecea	Cedecea davisae
txid158823	Bacteria	Proteobacteria	Gammaproteobacteria	Enterobacterales	Enterobacteriaceae	Cedecea	Cedecea lapagei
txid1748967	Bacteria	Proteobacteria	Gammaproteobacteria	Enterobacterales	Enterobacteriaceae	Citrobacter	Citrobacter cronae
txid545	Bacteria	Proteobacteria	Gammaproteobacteria	Enterobacterales	Enterobacteriaceae	Citrobacter	Citrobacter koseri
txid67825	Bacteria	Proteobacteria	Gammaproteobacteria	Enterobacterales	Enterobacteriaceae	Citrobacter	Citrobacter rodentium
txid67826	Bacteria	Proteobacteria	Gammaproteobacteria	Enterobacterales	Enterobacteriaceae	Citrobacter	Citrobacter sedlakii
txid2653932	Bacteria	Proteobacteria	Gammaproteobacteria	Enterobacterales	Enterobacteriaceae	Citrobacter	Citrobacter telavivensis
txid1073999	Bacteria	Proteobacteria	Gammaproteobacteria	Enterobacterales	Enterobacteriaceae	Cronobacter	Cronobacter condimenti
txid61645	Bacteria	Proteobacteria	Gammaproteobacteria	Enterobacterales	Enterobacteriaceae	Enterobacter	Enterobacter asburiae
txid881260	Bacteria	Proteobacteria	Gammaproteobacteria	Enterobacterales	Enterobacteriaceae	Enterobacter	Enterobacter bugandensis
txid69218	Bacteria	Proteobacteria	Gammaproteobacteria	Enterobacterales	Enterobacteriaceae	Enterobacter	Enterobacter cancerogenus
txid2494701	Bacteria	Proteobacteria	Gammaproteobacteria	Enterobacterales	Enterobacteriaceae	Enterobacter	Enterobacter chengduensis
txid2497875	Bacteria	Proteobacteria	Gammaproteobacteria	Enterobacterales	Enterobacteriaceae	Enterobacter	Enterobacter chuandaensis
txid550	Bacteria	Proteobacteria	Gammaproteobacteria	Enterobacterales	Enterobacteriaceae	Enterobacter	Enterobacter cloacae
txid1296536	Bacteria	Proteobacteria	Gammaproteobacteria	Enterobacterales	Enterobacteriaceae	Enterobacter	Enterobacter hormaechei
txid2494702	Bacteria	Proteobacteria	Gammaproteobacteria	Enterobacterales	Enterobacteriaceae	Enterobacter	Enterobacter huaxiensis
txid299767	Bacteria	Proteobacteria	Gammaproteobacteria	Enterobacterales	Enterobacteriaceae	Enterobacter	Enterobacter ludwigii
txid539813	Bacteria	Proteobacteria	Gammaproteobacteria	Enterobacterales	Enterobacteriaceae	Enterobacter	Enterobacter mori
txid2478464	Bacteria	Proteobacteria	Gammaproteobacteria	Enterobacterales	Enterobacteriaceae	Enterobacter	Enterobacter oligotrophicus
txid2529382	Bacteria	Proteobacteria	Gammaproteobacteria	Enterobacterales	Enterobacteriaceae	Enterobacter	Enterobacter quasihormaechei
txid2497436	Bacteria	Proteobacteria	Gammaproteobacteria	Enterobacterales	Enterobacteriaceae	Enterobacter	Enterobacter quasiroggenkampii
txid2071710	Bacteria	Proteobacteria	Gammaproteobacteria	Enterobacterales	Enterobacteriaceae	Enterobacter	Enterobacter sichuanensis
txid2529381	Bacteria	Proteobacteria	Gammaproteobacteria	Enterobacterales	Enterobacteriaceae	Enterobacter	Enterobacter wuhouensis
txid208962	Bacteria	Proteobacteria	Gammaproteobacteria	Enterobacterales	Enterobacteriaceae	Escherichia	Escherichia albertii
txid562	Bacteria	Proteobacteria	Gammaproteobacteria	Enterobacterales	Enterobacteriaceae	Escherichia	Escherichia coli
txid585054	Bacteria	Proteobacteria	Gammaproteobacteria	Enterobacterales	Enterobacteriaceae	Escherichia	Escherichia fergusonii
txid1499973	Bacteria	Proteobacteria	Gammaproteobacteria	Enterobacterales	Enterobacteriaceae	Escherichia	Escherichia marmotae
txid2899544	Bacteria	Proteobacteria	Gammaproteobacteria	Enterobacterales	Enterobacteriaceae	Intestinirhabdus	Intestinirhabdus alba
txid1028307	Bacteria	Proteobacteria	Gammaproteobacteria	Enterobacterales	Enterobacteriaceae	Klebsiella	Klebsiella aerogenes
txid39831	Bacteria	Proteobacteria	Gammaproteobacteria	Enterobacterales	Enterobacteriaceae	Klebsiella	Klebsiella pneumoniae
txid1300165	Bacteria	Proteobacteria	Gammaproteobacteria	Enterobacterales	Enterobacteriaceae	Kosakonia	Kosakonia cowanii
txid497725	Bacteria	Proteobacteria	Gammaproteobacteria	Enterobacterales	Enterobacteriaceae	Kosakonia	Kosakonia oryzae
txid2529380	Bacteria	Proteobacteria	Gammaproteobacteria	Enterobacterales	Enterobacteriaceae	Kosakonia	Kosakonia quasisacchari
txid1177180	Bacteria	Proteobacteria	Gammaproteobacteria	Enterobacterales	Enterobacteriaceae	Kosakonia	Kosakonia radicincitans
txid83655	Bacteria	Proteobacteria	Gammaproteobacteria	Enterobacterales	Enterobacteriaceae	Leclercia	Leclercia adecarboxylata
txid1095768	Bacteria	Proteobacteria	Gammaproteobacteria	Enterobacterales	Enterobacteriaceae	Phytobacter	Phytobacter massiliensis
txid566	Bacteria	Proteobacteria	Gammaproteobacteria	Enterobacterales	Enterobacteriaceae	Pseudescherichia	Pseudescherichia vulneris
txid1398493	Bacteria	Proteobacteria	Gammaproteobacteria	Enterobacterales	Enterobacteriaceae	Pseudocitrobacter	Pseudocitrobacter faecalis
txid54736	Bacteria	Proteobacteria	Gammaproteobacteria	Enterobacterales	Enterobacteriaceae	Salmonella	Salmonella bongori
txid90370	Bacteria	Proteobacteria	Gammaproteobacteria	Enterobacterales	Enterobacteriaceae	Salmonella	Salmonella enterica
txid1851514	Bacteria	Proteobacteria	Gammaproteobacteria	Enterobacterales	Enterobacteriaceae	Scandinavium	Scandinavium goeteborgense
txid621	Bacteria	Proteobacteria	Gammaproteobacteria	Enterobacterales	Enterobacteriaceae	Shigella	Shigella boydii
txid622	Bacteria	Proteobacteria	Gammaproteobacteria	Enterobacterales	Enterobacteriaceae	Shigella	Shigella dysenteriae
txid623	Bacteria	Proteobacteria	Gammaproteobacteria	Enterobacterales	Enterobacteriaceae	Shigella	Shigella flexneri
txid624	Bacteria	Proteobacteria	Gammaproteobacteria	Enterobacterales	Enterobacteriaceae	Shigella	Shigella sonnei
txid1388748	Bacteria	Proteobacteria	Gammaproteobacteria	Enterobacterales	Enterobacteriaceae	Siccibacter	Siccibacter turicensis
txid1324864	Bacteria	Proteobacteria	Gammaproteobacteria	Enterobacterales	Erwiniaceae	Erwinia	Pantoea beijingensis
txid221276	Bacteria	Proteobacteria	Gammaproteobacteria	Enterobacterales	Erwiniaceae	Pantoea	Curtobacterium plantarum
txid549	Bacteria	Proteobacteria	Gammaproteobacteria	Enterobacterales	Erwiniaceae	Pantoea	Pantoea agglomerans
txid574096	Bacteria	Proteobacteria	Gammaproteobacteria	Enterobacterales	Erwiniaceae	Pantoea	Pantoea allii
txid553	Bacteria	Proteobacteria	Gammaproteobacteria	Enterobacterales	Erwiniaceae	Pantoea	Pantoea ananatis
txid470931	Bacteria	Proteobacteria	Gammaproteobacteria	Enterobacterales	Erwiniaceae	Pantoea	Pantoea anthophila
txid472694	Bacteria	Proteobacteria	Gammaproteobacteria	Enterobacterales	Erwiniaceae	Pantoea	Pantoea brenneri
txid472705	Bacteria	Proteobacteria	Gammaproteobacteria	Enterobacterales	Erwiniaceae	Pantoea	Pantoea conspicua
txid1592631	Bacteria	Proteobacteria	Gammaproteobacteria	Enterobacterales	Erwiniaceae	Pantoea	Pantoea pleuroti
txid470934	Bacteria	Proteobacteria	Gammaproteobacteria	Enterobacterales	Erwiniaceae	Pantoea	Pantoea vagans
txid2050966	Bacteria	Proteobacteria	Gammaproteobacteria	Enterobacterales	Morganellaceae	Proteus	Proteus cibi
txid1987580	Bacteria	Proteobacteria	Gammaproteobacteria	Enterobacterales	Morganellaceae	Proteus	Proteus columbae
txid584	Bacteria	Proteobacteria	Gammaproteobacteria	Enterobacterales	Morganellaceae	Proteus	Proteus mirabilis
txid102862	Bacteria	Proteobacteria	Gammaproteobacteria	Enterobacterales	Morganellaceae	Proteus	Proteus penneri
txid2703885	Bacteria	Proteobacteria	Gammaproteobacteria	Enterobacterales	Yersiniaceae	Rahnella	Rahnella aceris
txid280147	Bacteria	Proteobacteria	Gammaproteobacteria	Moraxellales	Moraxellaceae	Acinetobacter	Acinetobacter courvalinii
txid106649	Bacteria	Proteobacteria	Gammaproteobacteria	Moraxellales	Moraxellaceae	Acinetobacter	Acinetobacter guillouiae
txid1776742	Bacteria	Proteobacteria	Gammaproteobacteria	Moraxellales	Moraxellaceae	Acinetobacter	Acinetobacter vivianii
txid2614693	Bacteria	Proteobacteria	Gammaproteobacteria	Oceanospirillales	Oceanospirillaceae	Nitrincola	Nitrincola iocasae
txid717	Bacteria	Proteobacteria	Gammaproteobacteria	Pasteurellales	Pasteurellaceae	Actinobacillus	Actinobacillus capsulatus
txid51048	Bacteria	Proteobacteria	Gammaproteobacteria	Pasteurellales	Pasteurellaceae	Actinobacillus	Actinobacillus porcinus
txid714	Bacteria	Proteobacteria	Gammaproteobacteria	Pasteurellales	Pasteurellaceae	Aggregatibacter	Aggregatibacter actinomycetemcomitans
txid985008	Bacteria	Proteobacteria	Gammaproteobacteria	Pasteurellales	Pasteurellaceae	Aggregatibacter	Aggregatibacter aphrophilus
txid2025884	Bacteria	Proteobacteria	Gammaproteobacteria	Pasteurellales	Pasteurellaceae	Aggregatibacter	Aggregatibacter kilianii
txid733	Bacteria	Proteobacteria	Gammaproteobacteria	Pasteurellales	Pasteurellaceae	Canicola	Canicola haemoglobinophilus
txid2094024	Bacteria	Proteobacteria	Gammaproteobacteria	Pasteurellales	Pasteurellaceae	Glaesserella	Glaesserella australis
txid738	Bacteria	Proteobacteria	Gammaproteobacteria	Pasteurellales	Pasteurellaceae	Glaesserella	Glaesserella parasuis
txid888728	Bacteria	Proteobacteria	Gammaproteobacteria	Pasteurellales	Pasteurellaceae	Haemophilus	Haemophilus aegyptius
txid726	Bacteria	Proteobacteria	Gammaproteobacteria	Pasteurellales	Pasteurellaceae	Haemophilus	Haemophilus haemolyticus
txid1461579	Bacteria	Proteobacteria	Gammaproteobacteria	Pasteurellales	Pasteurellaceae	Haemophilus	Haemophilus massiliensis
txid249188	Bacteria	Proteobacteria	Gammaproteobacteria	Pasteurellales	Pasteurellaceae	Haemophilus	Haemophilus pittmaniae
txid85401	Bacteria	Proteobacteria	Gammaproteobacteria	Pasteurellales	Pasteurellaceae	Mannheimia	Mannheimia glucosida
txid85403	Bacteria	Proteobacteria	Gammaproteobacteria	Pasteurellales	Pasteurellaceae	Mannheimia	Mannheimia ruminalis
txid85404	Bacteria	Proteobacteria	Gammaproteobacteria	Pasteurellales	Pasteurellaceae	Mannheimia	Mannheimia varigena
txid667128	Bacteria	Proteobacteria	Gammaproteobacteria	Pasteurellales	Pasteurellaceae	Pasteurella	Pasteurella dagmatis
txid115545	Bacteria	Proteobacteria	Gammaproteobacteria	Pasteurellales	Pasteurellaceae	Pasteurella	Pasteurella multocida
txid749	Bacteria	Proteobacteria	Gammaproteobacteria	Pasteurellales	Pasteurellaceae	unclassified Pasteurellaceae genus	Pasteurella aerogenes
txid2316085	Bacteria	Proteobacteria	Gammaproteobacteria	Pseudomonadales	Pseudomonadaceae	Pseudomonas	Pseudomonas bubulae
txid882211	Bacteria	Proteobacteria	Gammaproteobacteria	Pseudomonadales	Pseudomonadaceae	Pseudomonas	Pseudomonas deceptionensis
txid296	Bacteria	Proteobacteria	Gammaproteobacteria	Pseudomonadales	Pseudomonadaceae	Pseudomonas	Pseudomonas fragi
txid1608996	Bacteria	Proteobacteria	Gammaproteobacteria	Pseudomonadales	Pseudomonadaceae	Pseudomonas	Pseudomonas helleri
txid2364649	Bacteria	Proteobacteria	Gammaproteobacteria	Pseudomonadales	Pseudomonadaceae	Pseudomonas	Pseudomonas laurentiana
txid2750624	Bacteria	Proteobacteria	Gammaproteobacteria	Pseudomonadales	Pseudomonadaceae	Pseudomonas	Pseudomonas paraversuta
txid122355	Bacteria	Proteobacteria	Gammaproteobacteria	Pseudomonadales	Pseudomonadaceae	Pseudomonas	Pseudomonas psychrophila
txid303	Bacteria	Proteobacteria	Gammaproteobacteria	Pseudomonadales	Pseudomonadaceae	Pseudomonas	Pseudomonas putida
txid1608994	Bacteria	Proteobacteria	Gammaproteobacteria	Pseudomonadales	Pseudomonadaceae	Pseudomonas	Pseudomonas weihenstephanensis
txid2153	Bacteria	Tenericutes	Mollicutes	Anaeroplasmatales	Anaeroplasmataceae	Asteroleplasma	Asteroleplasma anaerobium
