index,ref,startpos,endpos,number of reads,covbases,coverage,meandepth,meanbaseq,meanmapq,taxid,superkingdom,kingdom,phylum,class,order,family,genus,species,mean,sd,Coefficient of Variance,pcreads,alias
0,NR_024946.1,1,1458,36,1458,100,35.0658,34.1,7.14,296,Bacteria,unclassified Bacteria kingdom,Proteobacteria,Gammaproteobacteria,Pseudomonadales,Pseudomonadaceae,Pseudomonas,Pseudomonas fragi,35.0658436213992,2.60979610281088,0.074425590069598,0.1,JAR-2-MGE-S4
1,NR_025230.1,1,1411,66,1411,100,62.3373,33.1,1.83,187326,Bacteria,unclassified Bacteria kingdom,Firmicutes,Negativicutes,Veillonellales,Veillonellaceae,Megasphaera,Megasphaera micronuciformis,62.3373493975904,7.8936827999755,0.126628463934667,0.18,JAR-2-MGE-S4
2,NR_025514.1,1,1518,1402,1510,99.473,1329.48,32.2,35.5,158847,Bacteria,unclassified Bacteria kingdom,Firmicutes,Negativicutes,Selenomonadales,Selenomonadaceae,Megamonas,Megamonas hypermegale,1329.47562582345,224.38498175755,0.168777055704628,3.92,JAR-2-MGE-S4
3,NR_025518.1,1,1494,623,1474,98.6613,584.489,33.3,48.7,179995,Bacteria,unclassified Bacteria kingdom,Proteobacteria,Gammaproteobacteria,Aeromonadales,Succinivibrionaceae,Anaerobiospirillum,Anaerobiospirillum thomasii,584.488621151272,124.751389225009,0.213436814183457,1.74,JAR-2-MGE-S4
4,NR_025567.1,1,1498,31,1475,98.4646,29.3284,32,9.19,208479,Bacteria,unclassified Bacteria kingdom,Firmicutes,Clostridia,Eubacteriales,Lachnospiraceae,Enterocloster,Enterocloster bolteae,29.328437917223,5.45990477482142,0.186164186112862,0.09,JAR-2-MGE-S4
5,NR_025644.1,1,1507,3,1474,97.8102,2.91042,34.8,60,157228,Bacteria,unclassified Bacteria kingdom,Firmicutes,Bacilli,Bacillales,Staphylococcaceae,Jeotgalicoccus,Jeotgalicoccus psychrophilus,2.91041804910418,0.461611615198569,0.158606635682682,0.01,JAR-2-MGE-S4
6,NR_025796.1,1,1435,6,1396,97.2822,5.19582,31.6,5.5,259063,Bacteria,unclassified Bacteria kingdom,Firmicutes,Clostridia,Eubacteriales,Lachnospiraceae,Anaerocolumna,Anaerocolumna jejuensis,5.19581881533101,1.43379584009798,0.27595185495448,0.02,JAR-2-MGE-S4
8,NR_025981.1,1,1477,2,1367,92.5525,1.76642,33.6,5.5,831,Bacteria,unclassified Bacteria kingdom,Firmicutes,Clostridia,Eubacteriales,Lachnospiraceae,Butyrivibrio,Butyrivibrio fibrisolvens,1.76641841570752,0.572882192410882,0.324318512146751,0.01,JAR-2-MGE-S4
9,NR_026075.1,1,1468,2,1347,91.7575,1.74183,35,6,13335,Bacteria,unclassified Bacteria kingdom,Proteobacteria,Gammaproteobacteria,Aeromonadales,Succinivibrionaceae,Anaerobiospirillum,Anaerobiospirillum succiniciproducens,1.74182561307902,0.597171193026883,0.342842124115551,0.01,JAR-2-MGE-S4
10,NR_026100.1,1,1499,16,1470,98.0654,15.2075,33.4,1.06,1286362,Bacteria,unclassified Bacteria kingdom,Firmicutes,Clostridia,Eubacteriales,Lachnospiraceae,Lacrimispora,Lacrimispora celerecrescens,15.2074716477652,2.88341284554961,0.189605012084527,0.04,JAR-2-MGE-S4
11,NR_026106.1,1,1489,1,1316,88.3815,0.883815,30.5,1,29322,Bacteria,unclassified Bacteria kingdom,Firmicutes,Clostridia,Eubacteriales,Eubacteriaceae,Eubacterium,[Eubacterium] cellulosolvens,0.883814640698455,0.320554724205146,0.362694516976795,0,JAR-2-MGE-S4
12,NR_026312.1,1,1482,2,1347,90.8907,1.59919,30.3,30,180164,Bacteria,unclassified Bacteria kingdom,Firmicutes,Clostridia,Eubacteriales,Lachnospiraceae,Blautia,Blautia schinkii,1.59919028340081,0.650102068722271,0.406519521454179,0.01,JAR-2-MGE-S4
13,NR_026331.1,1,1488,6,1464,98.3871,5.83065,34.9,18,623,Bacteria,unclassified Bacteria kingdom,Proteobacteria,Gammaproteobacteria,Enterobacterales,Enterobacteriaceae,Shigella,Shigella flexneri,5.83064516129032,0.793942509189779,0.136167179999353,0.02,JAR-2-MGE-S4
14,NR_026409.1,1,1495,2,1445,96.6555,1.90836,33,11,29370,Bacteria,unclassified Bacteria kingdom,Firmicutes,Clostridia,Eubacteriales,Lachnospiraceae,Lacrimispora,Lacrimispora sphenoides,1.90836120401338,0.387596759910426,0.203104506157058,0.01,JAR-2-MGE-S4
15,NR_026476.1,1,1463,2,1418,96.9241,1.86876,35,0.5,83771,Bacteria,unclassified Bacteria kingdom,Proteobacteria,Gammaproteobacteria,Aeromonadales,Succinivibrionaceae,Succinivibrio,Succinivibrio dextrinosolvens,1.86876281613124,0.419107954953208,0.224270277284763,0.01,JAR-2-MGE-S4
16,NR_026493.1,1,1488,6,1462,98.2527,5.7332,33.6,2.5,69825,Bacteria,unclassified Bacteria kingdom,Firmicutes,Clostridia,Eubacteriales,Lachnospiraceae,Lacrimispora,Lacrimispora indolis,5.73319892473118,0.942560140667375,0.16440387871446,0.02,JAR-2-MGE-S4
17,NR_028682.1,1,1538,1,1454,94.5384,0.945384,36.4,58,137732,Bacteria,unclassified Bacteria kingdom,Firmicutes,Bacilli,Lactobacillales,Carnobacteriaceae,Granulicatella,Granulicatella elegans,0.945383615084525,0.227303825443443,0.24043554575792,0,JAR-2-MGE-S4
18,NR_028812.1,1,1408,1,1363,96.804,0.96804,31.3,2,156456,Bacteria,unclassified Bacteria kingdom,Firmicutes,Negativicutes,Veillonellales,Veillonellaceae,Anaeroglobus,Anaeroglobus geminatus,0.968039772727273,0.175956700133208,0.181765982235919,0,JAR-2-MGE-S4
19,NR_028862.1,1,1537,350,1536,99.9349,333.5,32.7,59.2,209880,Bacteria,unclassified Bacteria kingdom,Firmicutes,Negativicutes,Veillonellales,Veillonellaceae,Allisonella,Allisonella histaminiformans,333.499674690956,55.4101436275091,0.166147519270764,0.98,JAR-2-MGE-S4
20,NR_029097.1,1,1374,1205,1326,96.5066,1119.59,32.3,1.34,237576,Bacteria,unclassified Bacteria kingdom,Firmicutes,Clostridia,Eubacteriales,Lachnospiraceae,Oribacterium,Oribacterium sinus,1119.59170305677,249.811302341252,0.223127146851128,3.37,JAR-2-MGE-S4
21,NR_029207.1,1,1426,46,1415,99.2286,43.061,32.8,4.24,907,Bacteria,unclassified Bacteria kingdom,Firmicutes,Negativicutes,Veillonellales,Veillonellaceae,Megasphaera,Megasphaera elsdenii,43.0610098176718,7.52090383453509,0.174656931325577,0.13,JAR-2-MGE-S4
22,NR_036800.1,1,1481,1,1202,81.1614,0.811614,30.3,1,411470,Bacteria,unclassified Bacteria kingdom,Firmicutes,Clostridia,Eubacteriales,Lachnospiraceae,Mediterraneibacter,[Ruminococcus] gnavus,0.811613774476705,0.391152354259268,0.48194395728617,0,JAR-2-MGE-S4
24,NR_036821.1,1,1437,1,1410,98.1211,0.981211,29.5,0,997349,Bacteria,unclassified Bacteria kingdom,Actinobacteria,Coriobacteriia,Coriobacteriales,Atopobiaceae,Olsenella,Olsenella profusa,0.981210855949896,0.135826914248081,0.138427855159214,0,JAR-2-MGE-S4
25,NR_037088.1,1,1453,15,1448,99.6559,14.4405,32.5,4.6,76122,Bacteria,unclassified Bacteria kingdom,Bacteroidota,Bacteroidia,Bacteroidales,Prevotellaceae,Alloprevotella,Alloprevotella tannerae,14.4404679972471,1.80946784594558,0.12530534649504,0.04,JAR-2-MGE-S4
26,NR_040877.1,1,1494,18,1494,100,17.0281,32.3,0.833,537011,Bacteria,unclassified Bacteria kingdom,Bacteroidota,Bacteroidia,Bacteroidales,Prevotellaceae,Prevotella,Prevotella copri,17.0281124497992,2.56891866731815,0.150863384000524,0.05,JAR-2-MGE-S4
27,NR_040961.1,1,1540,2,1475,95.7792,1.88377,33.3,17.5,51173,Bacteria,unclassified Bacteria kingdom,Firmicutes,Bacilli,Bacillales,Planococcaceae,Ureibacillus,Ureibacillus thermosphaericus,1.88376623376623,0.432736247693301,0.229718656135017,0.01,JAR-2-MGE-S4
28,NR_041277.1,1,1490,208,1489,99.9329,198.26,32.1,56.3,484018,Bacteria,unclassified Bacteria kingdom,Bacteroidota,Bacteroidia,Bacteroidales,Bacteroidaceae,Phocaeicola,Phocaeicola plebeius,198.260402684564,32.3396074607828,0.163116825260543,0.58,JAR-2-MGE-S4
29,NR_041278.1,1,1490,1,1390,93.2886,0.932886,23.5,1,470145,Bacteria,unclassified Bacteria kingdom,Bacteroidota,Bacteroidia,Bacteroidales,Bacteroidaceae,Phocaeicola,Phocaeicola coprocola,0.932885906040268,0.250303496912931,0.268310942734005,0,JAR-2-MGE-S4
30,NR_041342.1,1,1488,5,1449,97.379,4.73185,31.3,39.6,823,Bacteria,unclassified Bacteria kingdom,Bacteroidota,Bacteroidia,Bacteroidales,Tannerellaceae,Parabacteroides,Parabacteroides distasonis,4.73185483870968,0.897583275699723,0.189689520556908,0.01,JAR-2-MGE-S4
31,NR_041343.1,1,1492,478,1492,100,449.625,33.1,52.6,46503,Bacteria,unclassified Bacteria kingdom,Bacteroidota,Bacteroidia,Bacteroidales,Tannerellaceae,Parabacteroides,Parabacteroides merdae,449.624664879357,79.0845077395572,0.175890056567019,1.34,JAR-2-MGE-S4
32,NR_041351.1,1,1493,43,1474,98.7274,39.3175,30.6,4.02,357276,Bacteria,unclassified Bacteria kingdom,Bacteroidota,Bacteroidia,Bacteroidales,Bacteroidaceae,Phocaeicola,Phocaeicola dorei,39.31748158071,8.10981572414483,0.20626488264507,0.12,JAR-2-MGE-S4
33,NR_041364.1,1,1488,2,1428,95.9677,1.83737,28.3,1.5,1002367,Bacteria,unclassified Bacteria kingdom,Bacteroidota,Bacteroidia,Bacteroidales,Prevotellaceae,Prevotella,Prevotella stercorea,1.83736559139785,0.465806221358489,0.253518528669141,0.01,JAR-2-MGE-S4
34,NR_041446.1,1,1456,49,1453,99.794,46.3894,31.4,4.55,376804,Bacteria,unclassified Bacteria kingdom,Bacteroidota,Bacteroidia,Bacteroidales,Bacteroidaceae,Phocaeicola,Phocaeicola barnesiae,46.3894230769231,6.15516418362761,0.132684646097476,0.14,JAR-2-MGE-S4
35,NR_041461.1,1,1492,1,1360,91.1528,0.911528,31.7,1,387090,Bacteria,unclassified Bacteria kingdom,Bacteroidota,Bacteroidia,Bacteroidales,Bacteroidaceae,Phocaeicola,Phocaeicola coprophilus,0.911528150134048,0.284075111946047,0.311647108105516,0,JAR-2-MGE-S4
36,NR_041464.1,1,1492,1,1041,69.7721,0.697721,23.3,1,387661,Bacteria,unclassified Bacteria kingdom,Bacteroidota,Bacteroidia,Bacteroidales,Tannerellaceae,Parabacteroides,Parabacteroides johnsonii,0.697721179624665,0.459399377523409,0.658428310533071,0,JAR-2-MGE-S4
37,NR_041508.1,1,1461,2,1376,94.1821,1.83641,28.6,1,397865,Bacteria,unclassified Bacteria kingdom,Bacteroidota,Bacteroidia,Bacteroidales,Barnesiellaceae,Barnesiella,Barnesiella viscericola,1.83641341546886,0.503346884866524,0.274092358848301,0.01,JAR-2-MGE-S4
38,NR_041590.1,1,1342,2862,1311,97.69,2673.86,33.4,8.07,742816,Bacteria,unclassified Bacteria kingdom,Firmicutes,Negativicutes,Selenomonadales,Selenomonadaceae,Megamonas,Megamonas funiformis,2673.86214605067,578.838757218562,0.216480403850855,8,JAR-2-MGE-S4
39,NR_041627.1,1,1481,3,1443,97.4342,2.82714,28.8,0.667,762982,Bacteria,unclassified Bacteria kingdom,Bacteroidota,Bacteroidia,Bacteroidales,Prevotellaceae,Paraprevotella,Paraprevotella xylaniphila,2.82714382174207,0.574073176876815,0.203057648663617,0.01,JAR-2-MGE-S4
40,NR_041668.1,1,1484,2,1364,91.9137,1.81132,33.4,0.5,742726,Bacteria,unclassified Bacteria kingdom,Bacteroidota,Bacteroidia,Bacteroidales,Barnesiellaceae,Barnesiella,Barnesiella intestinihominis,1.81132075471698,0.56126351252576,0.309864230873597,0.01,JAR-2-MGE-S4
41,NR_042007.1,1,1454,1,1341,92.2283,0.922283,29.8,1,622312,Bacteria,unclassified Bacteria kingdom,Firmicutes,Clostridia,Eubacteriales,Lachnospiraceae,Roseburia,Roseburia inulinivorans,0.922283356258597,0.267817283269085,0.290385033462528,0,JAR-2-MGE-S4
42,NR_042152.1,1,1456,12,1440,98.9011,9.42857,30.8,0.0833,168384,Bacteria,unclassified Bacteria kingdom,Firmicutes,Clostridia,Eubacteriales,Lachnospiraceae,Marvinbryantia,Marvinbryantia formatexigens,9.42857142857143,3.97177078658232,0.421248416758731,0.03,JAR-2-MGE-S4
43,NR_042879.1,1,1362,1,1356,99.5595,0.995595,36.5,25,738,Bacteria,unclassified Bacteria kingdom,Proteobacteria,Gammaproteobacteria,Pasteurellales,Pasteurellaceae,Glaesserella,Glaesserella parasuis,0.995594713656388,0.0662503006630269,0.0665434435863146,0,JAR-2-MGE-S4
44,NR_043224.1,1,1455,129,1455,100,122.324,31.5,0.264,305719,Bacteria,unclassified Bacteria kingdom,Bacteroidota,Bacteroidia,Bacteroidales,Prevotellaceae,Prevotella,Prevotella baroniae,122.32439862543,16.4134360502962,0.134179576885197,0.36,JAR-2-MGE-S4
45,NR_043657.1,1,1553,1738,1536,98.9053,1603.27,32.9,13.4,349095,Bacteria,unclassified Bacteria kingdom,Firmicutes,Negativicutes,Veillonellales,Veillonellaceae,Megasphaera,Megasphaera paucivorans,1603.27495170637,353.783924820075,0.220663289502241,4.86,JAR-2-MGE-S4
46,NR_043681.1,1,1420,1,1348,94.9296,0.949296,31.2,2,358743,Bacteria,unclassified Bacteria kingdom,Firmicutes,Clostridia,Eubacteriales,Lachnospiraceae,Enterocloster,Enterocloster citroniae,0.949295774647887,0.219470333909341,0.231192784978683,0,JAR-2-MGE-S4
47,NR_044270.1,1,1454,4,1437,98.8308,3.47249,30.7,0.5,439703,Bacteria,unclassified Bacteria kingdom,Bacteroidota,Bacteroidia,Bacteroidales,Prevotellaceae,Prevotella,Prevotella maculosa,3.47248968363136,0.878119583928505,0.252878961186779,0.01,JAR-2-MGE-S4
48,NR_044473.1,1,1399,92,1399,100,85.9107,31.9,4.92,491921,Bacteria,unclassified Bacteria kingdom,Firmicutes,Negativicutes,Selenomonadales,Selenomonadaceae,Megamonas,Megamonas rupellensis,85.9106504646176,8.49790983760517,0.0989156733379064,0.26,JAR-2-MGE-S4
49,NR_044650.1,1,1377,1,902,65.5047,0.655047,33.3,1,39029,Bacteria,unclassified Bacteria kingdom,Firmicutes,Negativicutes,Veillonellales,Veillonellaceae,Megasphaera,Megasphaera cerevisiae,0.655047204066812,0.475525582794711,0.725940939587935,0,JAR-2-MGE-S4
50,NR_074515.1,1,1510,57,1450,96.0265,53.2947,32.6,23,435590,Bacteria,unclassified Bacteria kingdom,Bacteroidota,Bacteroidia,Bacteroidales,Bacteroidaceae,Phocaeicola,Phocaeicola vulgatus,53.294701986755,10.9720971973976,0.205875946170493,0.16,JAR-2-MGE-S4
51,NR_074902.1,1,1542,3,1463,94.8768,2.83074,38,7.33,585054,Bacteria,unclassified Bacteria kingdom,Proteobacteria,Gammaproteobacteria,Enterobacterales,Enterobacteriaceae,Escherichia,Escherichia fergusonii,2.8307392996109,0.669548530758727,0.236527797120265,0.01,JAR-2-MGE-S4
52,NR_102893.1,1,1537,5,1457,94.7951,4.54587,30.4,1,43305,Bacteria,unclassified Bacteria kingdom,Firmicutes,Clostridia,Eubacteriales,Lachnospiraceae,Butyrivibrio,Butyrivibrio proteoclasticus,4.54586857514639,1.20627058095897,0.265355357511656,0.01,JAR-2-MGE-S4
53,NR_102980.1,1,1552,3846,1528,98.4536,3599.86,33.8,1.72,1064535,Bacteria,unclassified Bacteria kingdom,Firmicutes,Negativicutes,Veillonellales,Veillonellaceae,Megasphaera,Megasphaera elsdenii,3599.85760309278,777.347375575951,0.21593836792547,10.74,JAR-2-MGE-S4
54,NR_104687.1,1,1492,1,1415,94.8391,0.948391,28.7,14,537007,Bacteria,unclassified Bacteria kingdom,Firmicutes,Clostridia,Eubacteriales,Lachnospiraceae,Blautia,Blautia hansenii,0.948391420911528,0.221309648918323,0.233352647481369,0,JAR-2-MGE-S4
55,NR_104735.1,1,1511,1,1322,87.4917,0.874917,29,0,45851,Bacteria,unclassified Bacteria kingdom,Firmicutes,Clostridia,Eubacteriales,Lachnospiraceae,Butyrivibrio,Butyrivibrio crossotus,0.874917273328921,0.330922215965195,0.378232578156891,0,JAR-2-MGE-S4
56,NR_104737.1,1,1521,1,1373,90.2696,0.902696,35.6,1,1732,Bacteria,unclassified Bacteria kingdom,Firmicutes,Clostridia,Eubacteriales,Eubacteriaceae,Eubacterium,Eubacterium oxidoreducens,0.902695595003287,0.296469298202421,0.328426658824386,0,JAR-2-MGE-S4
57,NR_104901.1,1,1515,1,1442,95.1815,0.951815,35.4,0,621,Bacteria,unclassified Bacteria kingdom,Proteobacteria,Gammaproteobacteria,Enterobacterales,Enterobacteriaceae,Shigella,Shigella boydii,0.951815181518152,0.214227296065821,0.22507236722588,0,JAR-2-MGE-S4
58,NR_104944.1,1,1416,4,1416,100,3.88842,33.9,36.8,90367,Bacteria,unclassified Bacteria kingdom,Proteobacteria,Betaproteobacteria,Neisseriales,Neisseriaceae,Neisseria,Neisseria elongata,3.88841807909605,0.33874644874169,0.0871167765016768,0.01,JAR-2-MGE-S4
59,NR_112143.1,1,1397,2,1396,99.9284,1.96063,30.1,7,821,Bacteria,unclassified Bacteria kingdom,Bacteroidota,Bacteroidia,Bacteroidales,Bacteroidaceae,Phocaeicola,Phocaeicola vulgatus,1.96062992125984,0.198191402793679,0.101085574918864,0.01,JAR-2-MGE-S4
61,NR_112789.1,1,1468,1,1394,94.9591,0.949591,24.6,1,536633,Bacteria,unclassified Bacteria kingdom,Firmicutes,Clostridia,Eubacteriales,Lachnospiraceae,Blautia,Blautia glucerasea,0.949591280653951,0.21886139449182,0.230479574687225,0,JAR-2-MGE-S4
62,NR_112848.1,1,1525,1,1392,91.2787,0.912787,25.8,0,1236509,Bacteria,unclassified Bacteria kingdom,Bacteroidota,Bacteroidia,Bacteroidales,Prevotellaceae,Prevotella,Prevotella dentasini,0.912786885245902,0.282239655124866,0.309206518725158,0,JAR-2-MGE-S4
63,NR_112899.1,1,1491,111,1458,97.7867,104.211,31.7,0.243,742742,Bacteria,unclassified Bacteria kingdom,Actinobacteria,Coriobacteriia,Coriobacteriales,Coriobacteriaceae,Collinsella,Collinsella tanakaei,104.210596914822,21.5639811631151,0.206926951783423,0.31,JAR-2-MGE-S4
64,NR_112901.1,1,1469,27,1451,98.7747,25.8693,33.7,0,762983,Bacteria,unclassified Bacteria kingdom,Proteobacteria,Gammaproteobacteria,Aeromonadales,Succinivibrionaceae,Succinatimonas,Succinatimonas hippei,25.8692988427502,4.04731092630671,0.156452285425624,0.08,JAR-2-MGE-S4
65,NR_112938.1,1,1478,1,1395,94.3843,0.943843,32.5,1,204516,Bacteria,unclassified Bacteria kingdom,Bacteroidota,Bacteroidia,Bacteroidales,Bacteroidaceae,Phocaeicola,Phocaeicola massiliensis,0.943843031123139,0.230302517460314,0.244005104520677,0,JAR-2-MGE-S4
66,NR_112943.1,1,1476,2,1447,98.0352,1.93157,30.9,60,449673,Bacteria,unclassified Bacteria kingdom,Bacteroidota,Bacteroidia,Bacteroidales,Bacteroidaceae,Bacteroides,Bacteroides stercoris,1.93157181571816,0.321109045724012,0.166242354082302,0.01,JAR-2-MGE-S4
67,NR_112946.1,1,1489,246,1489,100,232.445,33,1.54,821,Bacteria,unclassified Bacteria kingdom,Bacteroidota,Bacteroidia,Bacteroidales,Bacteroidaceae,Phocaeicola,Phocaeicola vulgatus,232.445265278711,43.5403948915484,0.187314612923356,0.69,JAR-2-MGE-S4
68,NR_113015.1,1,1490,32,1470,98.6577,30.2557,32.5,1.62,1236538,Bacteria,unclassified Bacteria kingdom,Bacteroidota,Bacteroidia,Bacteroidales,Bacteroidaceae,Phocaeicola,Phocaeicola sartorii,30.2557046979866,5.69292424925612,0.188160358718565,0.09,JAR-2-MGE-S4
69,NR_113064.1,1,1490,699,1490,100,659.79,33.3,0.979,1236538,Bacteria,unclassified Bacteria kingdom,Bacteroidota,Bacteroidia,Bacteroidales,Bacteroidaceae,Phocaeicola,Phocaeicola sartorii,659.789932885906,126.562957331776,0.19182311069554,1.95,JAR-2-MGE-S4
70,NR_113073.1,1,1481,1,1355,91.4922,0.914922,35.3,0,487174,Bacteria,unclassified Bacteria kingdom,Bacteroidota,Bacteroidia,Bacteroidales,Barnesiellaceae,Barnesiella,Barnesiella intestinihominis,0.914922349763673,0.279091450756353,0.305043866103438,0,JAR-2-MGE-S4
71,NR_113078.1,1,1488,3,1438,96.6398,2.80645,25.9,2.33,454155,Bacteria,unclassified Bacteria kingdom,Bacteroidota,Bacteroidia,Bacteroidales,Prevotellaceae,Paraprevotella,Paraprevotella xylaniphila,2.80645161290323,0.617094557052972,0.219884267455657,0.01,JAR-2-MGE-S4
72,NR_113094.1,1,1494,150,1494,100,139.262,32,2.15,305719,Bacteria,unclassified Bacteria kingdom,Bacteroidota,Bacteroidia,Bacteroidales,Prevotellaceae,Prevotella,Prevotella baroniae,139.26171352075,28.5261853128303,0.204838678138051,0.42,JAR-2-MGE-S4
73,NR_113097.1,1,1480,96,1479,99.9324,88.7318,31.9,6.48,873513,Bacteria,unclassified Bacteria kingdom,Bacteroidota,Bacteroidia,Bacteroidales,Prevotellaceae,Prevotella,Prevotella buccae,88.7317567567568,16.8219910528864,0.189582531302756,0.27,JAR-2-MGE-S4
74,NR_113110.1,1,1405,6,1241,88.3274,5.12669,29.9,1,439703,Bacteria,unclassified Bacteria kingdom,Bacteroidota,Bacteroidia,Bacteroidales,Prevotellaceae,Prevotella,Prevotella maculosa,5.12669039145908,1.94281661598876,0.378961175269223,0.02,JAR-2-MGE-S4
75,NR_113118.1,1,1481,2,1424,96.1512,1.8393,30.7,1,28135,Bacteria,unclassified Bacteria kingdom,Bacteroidota,Bacteroidia,Bacteroidales,Prevotellaceae,Prevotella,Prevotella oris,1.83929777177583,0.460429345522204,0.250328876915706,0.01,JAR-2-MGE-S4
76,NR_113119.1,1,1481,1,1417,95.6786,0.956786,34.9,0,28135,Bacteria,unclassified Bacteria kingdom,Bacteroidota,Bacteroidia,Bacteroidales,Prevotellaceae,Prevotella,Prevotella oris,0.956785955435517,0.203407295352495,0.212594357386764,0,JAR-2-MGE-S4
77,NR_113122.1,1,1491,2,1437,96.3783,1.84306,30.3,4,185294,Bacteria,unclassified Bacteria kingdom,Bacteroidota,Bacteroidia,Bacteroidales,Prevotellaceae,Prevotella,Prevotella paludivivens,1.8430583501006,0.452640021662281,0.245591802146456,0.01,JAR-2-MGE-S4
78,NR_113165.1,1,1466,105,1462,99.7271,100.233,31.3,14.1,147207,Bacteria,unclassified Bacteria kingdom,Actinobacteria,Coriobacteriia,Coriobacteriales,Coriobacteriaceae,Collinsella,Collinsella intestinalis,100.233287858117,16.605443729973,0.165667954078074,0.29,JAR-2-MGE-S4
79,NR_113195.1,1,1490,280,1484,99.5973,261.666,32.9,1.83,1236515,Bacteria,unclassified Bacteria kingdom,Bacteroidota,Bacteroidia,Bacteroidales,Bacteroidaceae,Phocaeicola,Phocaeicola sartorii,261.665771812081,49.3837616321041,0.188728396878633,0.78,JAR-2-MGE-S4
80,NR_113208.1,1,1489,1,1204,80.8596,0.808596,34.8,1,871327,Bacteria,unclassified Bacteria kingdom,Bacteroidota,Bacteroidia,Bacteroidales,Tannerellaceae,Parabacteroides,Parabacteroides chinchillae,0.80859637340497,0.393538167476844,0.486692966256662,0,JAR-2-MGE-S4
81,NR_113227.1,1,1490,1,1165,78.1879,0.781879,25.2,1,915438,Bacteria,unclassified Bacteria kingdom,Bacteroidota,Bacteroidia,Bacteroidales,Prevotellaceae,Prevotella,Prevotella oryzae,0.781879194630873,0.413108527683405,0.528353395921265,0,JAR-2-MGE-S4
82,NR_113231.1,1,1491,79,1476,98.994,75.4816,33.2,17.3,536633,Bacteria,unclassified Bacteria kingdom,Firmicutes,Clostridia,Eubacteriales,Lachnospiraceae,Blautia,Blautia glucerasea,75.4815560026828,12.2742772115984,0.162612933034424,0.22,JAR-2-MGE-S4
83,NR_113273.1,1,1469,117,1469,100,111.193,31.3,0.547,742742,Bacteria,unclassified Bacteria kingdom,Actinobacteria,Coriobacteriia,Coriobacteriales,Coriobacteriaceae,Collinsella,Collinsella tanakaei,111.193328795099,17.7285598843702,0.159439060566659,0.33,JAR-2-MGE-S4
84,NR_113274.1,1,1478,32,1478,100,30.6069,33.7,0.969,762983,Bacteria,unclassified Bacteria kingdom,Proteobacteria,Gammaproteobacteria,Aeromonadales,Succinivibrionaceae,Succinatimonas,Succinatimonas hippei,30.606901217862,5.07897078317739,0.165942012457417,0.09,JAR-2-MGE-S4
85,NR_113307.1,1,1178,1,900,76.4007,0.764007,29.7,1,1122219,Bacteria,unclassified Bacteria kingdom,Firmicutes,Negativicutes,Veillonellales,Veillonellaceae,Megasphaera,Megasphaera cerevisiae,0.764006791171477,0.424798305827054,0.556013782515855,0,JAR-2-MGE-S4
86,NR_113410.1,1,1390,26,1383,99.4964,25.3194,33.1,5.35,208479,Bacteria,unclassified Bacteria kingdom,Firmicutes,Clostridia,Eubacteriales,Lachnospiraceae,Enterocloster,Enterocloster bolteae,25.3194244604317,2.74867276559641,0.108559843842104,0.07,JAR-2-MGE-S4
87,NR_113411.1,1,1493,5904,1493,100,5647.12,32.6,39.4,537011,Bacteria,unclassified Bacteria kingdom,Bacteroidota,Bacteroidia,Bacteroidales,Prevotellaceae,Prevotella,Prevotella copri,5647.11922304086,905.450805609867,0.160338531886405,16.49,JAR-2-MGE-S4
88,NR_113578.1,1,1462,17,1459,99.7948,16.1224,33.1,1.65,296,Bacteria,unclassified Bacteria kingdom,Proteobacteria,Gammaproteobacteria,Pseudomonadales,Pseudomonadaceae,Pseudomonas,Pseudomonas fragi,16.1224350205198,1.26097756894478,0.0782126004750445,0.05,JAR-2-MGE-S4
89,NR_114702.1,1,1479,1,1400,94.6586,0.946586,26.9,0,190304,Bacteria,unclassified Bacteria kingdom,Fusobacteria,Fusobacteriia,Fusobacteriales,Fusobacteriaceae,Fusobacterium,Fusobacterium nucleatum,0.94658553076403,0.224934597215723,0.237627335201468,0,JAR-2-MGE-S4
90,NR_114807.1,1,1456,10,1437,98.6951,8.75275,31.8,0.2,168384,Bacteria,unclassified Bacteria kingdom,Firmicutes,Clostridia,Eubacteriales,Lachnospiraceae,Marvinbryantia,Marvinbryantia formatexigens,8.75274725274725,2.32023654010842,0.265086660577359,0.03,JAR-2-MGE-S4
91,NR_115211.1,1,1485,7,1452,97.7778,6.70842,33.1,3.86,253257,Bacteria,unclassified Bacteria kingdom,Firmicutes,Clostridia,Eubacteriales,Lachnospiraceae,Lacrimispora,Lacrimispora amygdalina,6.70841750841751,1.10522673368268,0.164752228419874,0.02,JAR-2-MGE-S4
92,NR_116050.1,1,1454,4,1439,98.9684,3.70083,30.4,0.75,439703,Bacteria,unclassified Bacteria kingdom,Bacteroidota,Bacteroidia,Bacteroidales,Prevotellaceae,Prevotella,Prevotella maculosa,3.70082530949106,0.645199868001143,0.174339455133556,0.01,JAR-2-MGE-S4
94,NR_116767.1,1,1463,2,1459,99.7266,1.97744,33.8,6.5,1032488,Bacteria,unclassified Bacteria kingdom,Proteobacteria,Betaproteobacteria,Neisseriales,Neisseriaceae,Neisseria,Neisseria shayeganii,1.97744360902256,0.165935640733877,0.0839142213597171,0.01,JAR-2-MGE-S4
95,NR_116860.1,1,1455,114,1455,100,108.533,31.5,0,305719,Bacteria,unclassified Bacteria kingdom,Bacteroidota,Bacteroidia,Bacteroidales,Prevotellaceae,Prevotella,Prevotella baroniae,108.53264604811,14.0402300568762,0.129364118245606,0.32,JAR-2-MGE-S4
96,NR_117373.1,1,1327,13,1283,96.6843,11.2585,32.3,3.08,1236515,Bacteria,unclassified Bacteria kingdom,Bacteroidota,Bacteroidia,Bacteroidales,Bacteroidaceae,Phocaeicola,Phocaeicola sartorii,11.2584777694047,3.34451466955708,0.297066329752493,0.04,JAR-2-MGE-S4
97,NR_117626.1,1,1531,1,1452,94.84,0.9484,32.9,37,106649,Bacteria,unclassified Bacteria kingdom,Proteobacteria,Gammaproteobacteria,Moraxellales,Moraxellaceae,Acinetobacter,Acinetobacter guillouiae,0.948399738732854,0.221290893875799,0.233330825429647,0,JAR-2-MGE-S4
99,NR_117694.1,1,1514,12,1491,98.4808,11.2312,33.2,22.8,33053,Bacteria,unclassified Bacteria kingdom,Proteobacteria,Betaproteobacteria,Neisseriales,Neisseriaceae,Neisseria,Neisseria perflava,11.2311756935271,2.13197860855903,0.189826841528956,0.03,JAR-2-MGE-S4
100,NR_117696.1,1,1501,2,1449,96.5356,1.88408,28.3,1.5,488,Bacteria,unclassified Bacteria kingdom,Proteobacteria,Betaproteobacteria,Neisseriales,Neisseriaceae,Neisseria,Neisseria mucosa,1.88407728181213,0.414591724499585,0.220050275273648,0.01,JAR-2-MGE-S4
101,NR_118128.1,1,1310,4,1300,99.2366,3.88473,35.3,1,1531,Bacteria,unclassified Bacteria kingdom,Firmicutes,Clostridia,Eubacteriales,Lachnospiraceae,Enterocloster,Enterocloster clostridioformis,3.88473282442748,0.465456606106828,0.119816890155226,0.01,JAR-2-MGE-S4
102,NR_118249.1,1,1463,7,1463,100,6.92139,33.7,39.1,1107316,Bacteria,unclassified Bacteria kingdom,Proteobacteria,Betaproteobacteria,Neisseriales,Neisseriaceae,Neisseria,Neisseria oralis,6.92139439507861,0.315968486447949,0.0456509871295032,0.02,JAR-2-MGE-S4
103,NR_118334.1,1,1455,2,1430,98.2818,1.92715,29.4,3.5,671218,Bacteria,unclassified Bacteria kingdom,Bacteroidota,Bacteroidia,Bacteroidales,Prevotellaceae,Alloprevotella,Alloprevotella rava,1.92714776632302,0.319341722370657,0.165706920844974,0.01,JAR-2-MGE-S4
104,NR_119085.1,1,1503,2,1219,81.1045,1.57485,32.4,21,29364,Bacteria,unclassified Bacteria kingdom,Firmicutes,Clostridia,Eubacteriales,Lachnospiraceae,Lachnoclostridium,[Clostridium] polysaccharolyticum,1.5748502994012,0.789127744674475,0.501081115439686,0.01,JAR-2-MGE-S4
105,NR_121686.1,1,1521,1,1420,93.3596,0.933596,24.3,1,384638,Bacteria,unclassified Bacteria kingdom,Firmicutes,Clostridia,Eubacteriales,unclassified Eubacteriales family,unclassified Eubacteriales genus,[Bacteroides] pectinophilus,0.933596318211703,0.249068300899073,0.26678372230105,0,JAR-2-MGE-S4
106,NR_121773.2,1,1532,1,1336,87.2063,0.872063,32.2,1,397865,Bacteria,unclassified Bacteria kingdom,Bacteroidota,Bacteroidia,Bacteroidales,Barnesiellaceae,Barnesiella,Barnesiella viscericola,0.872062663185379,0.334129089116102,0.383148027339722,0,JAR-2-MGE-S4
107,NR_125570.1,1,1395,1182,1369,98.1362,1087.21,33.1,1.33,796943,Bacteria,unclassified Bacteria kingdom,Firmicutes,Clostridia,Eubacteriales,Lachnospiraceae,Oribacterium,Oribacterium parvum,1087.21290322581,283.95218261912,0.26117440455004,3.3,JAR-2-MGE-S4
108,NR_125571.1,1,1436,163,1436,100,154.733,32,12.5,796944,Bacteria,unclassified Bacteria kingdom,Firmicutes,Clostridia,Eubacteriales,Lachnospiraceae,Oribacterium,Oribacterium asaccharolyticum,154.733286908078,22.1826885588158,0.143360804918426,0.46,JAR-2-MGE-S4
109,NR_133027.1,1,1519,1092,1519,100,1040.02,33.4,1.45,1232428,Bacteria,unclassified Bacteria kingdom,Firmicutes,Negativicutes,Veillonellales,Veillonellaceae,Megasphaera,Megasphaera massiliensis,1040.01579986833,168.998100925635,0.162495705302775,3.05,JAR-2-MGE-S4
110,NR_133762.1,1,1409,1,1373,97.445,0.97445,32.4,1,1096246,Bacteria,unclassified Bacteria kingdom,Firmicutes,Clostridia,Eubacteriales,Clostridiaceae,Hungatella,Hungatella effluvii,0.97444996451384,0.157844587697554,0.161983265889186,0,JAR-2-MGE-S4
111,NR_134080.1,1,1566,1717,1534,97.9566,1599.65,33.1,1.22,879612,Bacteria,unclassified Bacteria kingdom,Firmicutes,Negativicutes,Veillonellales,Veillonellaceae,Megasphaera,Megasphaera indica,1599.64942528736,373.660470623237,0.233588975632029,4.8,JAR-2-MGE-S4
112,NR_136472.1,1,1504,4,1464,97.3404,3.62434,37.7,11,1499973,Bacteria,unclassified Bacteria kingdom,Proteobacteria,Gammaproteobacteria,Enterobacterales,Enterobacteriaceae,Escherichia,Escherichia marmotae,3.62433510638298,0.748806695440585,0.206605259574874,0.01,JAR-2-MGE-S4
113,NR_144579.1,1,1279,1,929,72.6349,0.726349,30.4,1,1232426,Bacteria,unclassified Bacteria kingdom,Actinobacteria,Coriobacteriia,Coriobacteriales,Coriobacteriaceae,Enorma,[Collinsella] massiliensis,0.726348709929633,0.446006491734487,0.614039077425628,0,JAR-2-MGE-S4
114,NR_144607.1,1,1378,2,1309,94.9927,1.85849,33.2,7.5,1796615,Bacteria,unclassified Bacteria kingdom,Firmicutes,Clostridia,Eubacteriales,Lachnospiraceae,Blautia,Blautia caecimuris,1.85849056603774,0.470946496996916,0.253402683663315,0.01,JAR-2-MGE-S4
115,NR_144744.1,1,1491,288,1491,100,270.865,32.6,5.56,1841856,Bacteria,unclassified Bacteria kingdom,Bacteroidota,Bacteroidia,Bacteroidales,Bacteroidaceae,Bacteroides,Bacteroides mediterraneensis,270.865191146881,49.9538303844749,0.184423218697697,0.8,JAR-2-MGE-S4
117,NR_144750.1,1,1493,1824,1493,100,1702.13,32.4,42.8,1852370,Bacteria,unclassified Bacteria kingdom,Bacteroidota,Bacteroidia,Bacteroidales,Prevotellaceae,Prevotellamassilia,Prevotellamassilia timonensis,1702.12726054923,351.864076452711,0.20672019337683,5.1,JAR-2-MGE-S4
118,NR_145928.1,1,1424,4,1421,99.7893,3.93188,34,60,1631957,Bacteria,unclassified Bacteria kingdom,Proteobacteria,Betaproteobacteria,Burkholderiales,Alcaligenaceae,Pelistega,Pelistega suis,3.93188202247191,0.300377551344829,0.0763953622280829,0.01,JAR-2-MGE-S4
119,NR_147373.1,1,1532,12,1508,98.4334,11.3486,32.5,5.08,1852379,Bacteria,unclassified Bacteria kingdom,Firmicutes,Negativicutes,Veillonellales,Veillonellaceae,Colibacter,Colibacter massiliensis,11.3485639686684,2.13365719779633,0.1880112059717,0.03,JAR-2-MGE-S4
120,NR_147376.1,1,1530,7,1498,97.9085,6.61503,30,1,1852378,Bacteria,unclassified Bacteria kingdom,Firmicutes,Negativicutes,Veillonellales,Veillonellaceae,Caecibacter,Caecibacter massiliensis,6.61503267973856,1.26539034280488,0.191290112092823,0.02,JAR-2-MGE-S4
121,NR_147377.1,1,1496,1,1400,93.5829,0.935829,31.6,3,1870999,Bacteria,unclassified Bacteria kingdom,Bacteroidota,Bacteroidia,Bacteroidales,Prevotellaceae,Metaprevotella,Metaprevotella massiliensis,0.935828877005348,0.245139469131545,0.261949032729137,0,JAR-2-MGE-S4
122,NR_147379.1,1,1471,1,1398,95.0374,0.950374,26.9,1,1907654,Bacteria,unclassified Bacteria kingdom,Actinobacteria,Coriobacteriia,Coriobacteriales,Coriobacteriaceae,Collinsella,Collinsella bouchesdurhonensis,0.950373895309313,0.217245111195833,0.228589097688891,0,JAR-2-MGE-S4
123,NR_147381.1,1,1497,255,1497,100,242.714,34.1,60,1852381,Bacteria,unclassified Bacteria kingdom,Proteobacteria,Betaproteobacteria,Burkholderiales,Sutterellaceae,Duodenibacillus,Duodenibacillus massiliensis,242.714094856379,40.6826247631509,0.167615419233168,0.71,JAR-2-MGE-S4
124,NR_147399.1,1,1472,4,1430,97.1467,3.55639,28.6,1.75,1871016,Bacteria,unclassified Bacteria kingdom,Actinobacteria,Coriobacteriia,Coriobacteriales,Coriobacteriaceae,Collinsella,Collinsella phocaeensis,3.55638586956522,0.829159260998339,0.233146596406792,0.01,JAR-2-MGE-S4
125,NR_147761.1,1,1509,1,1420,94.1021,0.941021,33.3,60,1630162,Bacteria,unclassified Bacteria kingdom,Actinobacteria,Actinomycetia,Bifidobacteriales,Bifidobacteriaceae,Bifidobacterium,Bifidobacterium tissieri,0.941020543406229,0.235664347305551,0.250434859214138,0,JAR-2-MGE-S4
126,NR_148589.1,1,1504,1,1442,95.8777,0.958777,35.4,39,1547447,Bacteria,unclassified Bacteria kingdom,Firmicutes,Bacilli,Lactobacillales,Streptococcaceae,Streptococcus,Streptococcus oricebi,0.958776595744681,0.198872652620196,0.207423349196099,0,JAR-2-MGE-S4
127,NR_148763.1,1,1525,3,1459,95.6721,2.8459,33.8,16.3,1608996,Bacteria,unclassified Bacteria kingdom,Proteobacteria,Gammaproteobacteria,Pseudomonadales,Pseudomonadaceae,Pseudomonas,Pseudomonas helleri,2.84590163934426,0.624724025813854,0.219517082803255,0.01,JAR-2-MGE-S4
128,NR_148764.1,1,1525,2,1459,95.6721,1.89443,39.4,20,1608994,Bacteria,unclassified Bacteria kingdom,Proteobacteria,Gammaproteobacteria,Pseudomonadales,Pseudomonadaceae,Pseudomonas,Pseudomonas weihenstephanensis,1.8944262295082,0.425563254171531,0.224639654763442,0.01,JAR-2-MGE-S4
129,NR_156078.1,1,1412,3,1393,98.6544,2.89023,34,0.667,1469948,Bacteria,unclassified Bacteria kingdom,Firmicutes,Clostridia,Eubacteriales,Lachnospiraceae,Kineothrix,Kineothrix alysoides,2.89022662889518,0.442261701725035,0.153019731153087,0.01,JAR-2-MGE-S4
130,NR_156079.1,1,1412,3,1397,98.9377,2.90368,32.4,0,1469948,Bacteria,unclassified Bacteria kingdom,Firmicutes,Clostridia,Eubacteriales,Lachnospiraceae,Kineothrix,Kineothrix alysoides,2.90368271954674,0.423361769305731,0.145801662990169,0.01,JAR-2-MGE-S4
131,NR_156080.1,1,1410,1,1358,96.3121,0.963121,28.6,1,1469948,Bacteria,unclassified Bacteria kingdom,Firmicutes,Clostridia,Eubacteriales,Lachnospiraceae,Kineothrix,Kineothrix alysoides,0.963120567375887,0.188532620449136,0.19575183713791,0,JAR-2-MGE-S4
132,NR_159117.1,1,1417,1,1368,96.542,0.96542,29.5,18,1912896,Bacteria,unclassified Bacteria kingdom,Bacteroidota,Bacteroidia,Bacteroidales,Bacteroidaceae,Bacteroides,Bacteroides koreensis,0.965419901199718,0.182778259268682,0.189325141362371,0,JAR-2-MGE-S4
133,NR_163613.1,1,1478,2,1434,97.023,1.90731,32.9,37.5,2003188,Bacteria,unclassified Bacteria kingdom,Actinobacteria,Coriobacteriia,Coriobacteriales,Atopobiaceae,Parolsenella,Parolsenella catena,1.90730717185386,0.379127997229157,0.198776580313832,0.01,JAR-2-MGE-S4
134,NR_165737.1,1,1471,1,1447,98.3685,0.983685,29.4,1,2382163,Bacteria,unclassified Bacteria kingdom,Firmicutes,Bacilli,Lactobacillales,Streptococcaceae,Streptococcus,Streptococcus koreensis,0.98368456832087,0.126728671647278,0.128830598474876,0,JAR-2-MGE-S4
135,NR_169348.1,1,1367,284,1365,99.8537,274.838,34.1,11,2584944,Bacteria,unclassified Bacteria kingdom,Proteobacteria,Betaproteobacteria,Burkholderiales,Sutterellaceae,Sutterella,Sutterella faecalis,274.837600585223,24.3993127397919,0.0887772003824712,0.79,JAR-2-MGE-S4
136,NR_170509.1,1,1538,11,1471,95.6437,9.94668,33,4.45,2530391,Bacteria,unclassified Bacteria kingdom,Bacteroidota,Bacteroidia,Bacteroidales,Muribaculaceae,Duncaniella,Duncaniella freteri,9.94668400520156,2.70732735327761,0.272183910925674,0.03,JAR-2-MGE-S4
137,NR_173570.1,1,1471,4,1432,97.3487,3.68797,33,4.75,1912090,Bacteria,unclassified Bacteria kingdom,Firmicutes,Clostridia,Eubacteriales,Lachnospiraceae,Gluceribacter,Gluceribacter canis,3.68796736913664,0.852278667353383,0.231097128051028,0.01,JAR-2-MGE-S4
138,NR_173693.1,1,1478,3,1435,97.0907,2.8613,33.9,7.67,1852385,Bacteria,unclassified Bacteria kingdom,Actinobacteria,Coriobacteriia,Coriobacteriales,Atopobiaceae,Olsenella,Olsenella phocaeensis,2.86129905277402,0.544913269339893,0.190442613403727,0.01,JAR-2-MGE-S4
139,NR_178255.1,1,1469,1,1406,95.7114,0.957114,26,13,1408099,Bacteria,unclassified Bacteria kingdom,Firmicutes,Clostridia,Eubacteriales,Lachnospiraceae,Fusimonas,Fusimonas intestini,0.9571136827774,0.202669786215248,0.211751007076955,0,JAR-2-MGE-S4
140,NR_178367.1,1,1454,1,1424,97.9367,0.979367,32.5,60,673271,Bacteria,unclassified Bacteria kingdom,Firmicutes,Clostridia,Eubacteriales,Lachnospiraceae,Catenibacillus,Catenibacillus scindens,0.979367262723521,0.142200332406847,0.145196125926654,0,JAR-2-MGE-S4
141,NR_178499.1,1,1452,5,1388,95.5923,4.59298,30.7,1,1111454,Bacteria,unclassified Bacteria kingdom,Firmicutes,Negativicutes,Veillonellales,Veillonellaceae,Megasphaera,Megasphaera vaginalis,4.59297520661157,1.11516343556153,0.242797617099317,0.01,JAR-2-MGE-S4
142,NR_178515.1,1,1411,1,1404,99.5039,0.995039,39.3,23,1156431,Bacteria,unclassified Bacteria kingdom,Firmicutes,Bacilli,Lactobacillales,Streptococcaceae,Streptococcus,Streptococcus ilei,0.995038979447201,0.0702844920807061,0.0706349133375188,0,JAR-2-MGE-S4
143,NR_178974.1,1,1431,460,1431,100,452.574,34.5,17.2,2316085,Bacteria,unclassified Bacteria kingdom,Proteobacteria,Gammaproteobacteria,Pseudomonadales,Pseudomonadaceae,Pseudomonas,Pseudomonas bubulae,452.574423480084,9.0597790885003,0.0200183187967956,1.29,JAR-2-MGE-S4
144,NR_178975.1,1,1431,1,1396,97.5542,0.975542,32.6,1,2750624,Bacteria,unclassified Bacteria kingdom,Proteobacteria,Gammaproteobacteria,Pseudomonadales,Pseudomonadaceae,Pseudomonas,Pseudomonas paraversuta,0.975541579315164,0.154521493007996,0.158395599208053,0,JAR-2-MGE-S4
145,NR_179173.1,1,1401,15,1396,99.6431,14.3747,33.9,3.87,2126740,Bacteria,unclassified Bacteria kingdom,Firmicutes,Clostridia,Eubacteriales,Clostridiaceae,Clostridium,Clostridium fessum,14.3747323340471,1.39546856560421,0.0970778817424649,0.04,JAR-2-MGE-S4
146,NR_179270.1,1,1482,3801,1482,100,3719.55,33.1,59.8,2654621,Bacteria,unclassified Bacteria kingdom,Firmicutes,Negativicutes,Acidaminococcales,Acidaminococcaceae,Phascolarctobacterium,Phascolarctobacterium wakonense,3719.54588394062,162.124112350581,0.0435870714891736,10.62,JAR-2-MGE-S4
148,NR_179383.1,1,1547,1,1468,94.8933,0.948933,34.7,1,2853160,Bacteria,unclassified Bacteria kingdom,Firmicutes,Bacilli,Lactobacillales,Streptococcaceae,Streptococcus,Streptococcus vulneris,0.948933419521655,0.220204744404139,0.232054999722891,0,JAR-2-MGE-S4
149,NR_179431.1,1,1472,4,1428,97.0109,3.76019,29.9,4.75,1720204,Bacteria,unclassified Bacteria kingdom,Actinobacteria,Coriobacteriia,Coriobacteriales,Coriobacteriaceae,Collinsella,Collinsella ihumii,3.7601902173913,0.765657831440685,0.203622100791452,0.01,JAR-2-MGE-S4
150,NR_179447.1,1,1528,2,1450,94.8953,1.86126,32.6,1,2479838,Bacteria,unclassified Bacteria kingdom,Firmicutes,Clostridia,Eubacteriales,Clostridiaceae,Clostridium,Clostridium transplantifaecale,1.86125654450262,0.470885403418868,0.252993282849518,0.01,JAR-2-MGE-S4
151,NR_179538.1,1,1493,3,1448,96.9859,2.85265,31.9,5,1852382,Bacteria,unclassified Bacteria kingdom,Firmicutes,Clostridia,Eubacteriales,Lachnospiraceae,Lachnoclostridium,Lachnoclostridium urinimassiliense,2.85264567983925,0.557415311475128,0.195402925576982,0.01,JAR-2-MGE-S4
152,NR_179545.1,1,1471,118,1471,100,112.301,31.6,3.66,1870987,Bacteria,unclassified Bacteria kingdom,Actinobacteria,Coriobacteriia,Coriobacteriales,Coriobacteriaceae,Collinsella,Collinsella vaginalis,112.301155676411,18.4412209822605,0.164212210205546,0.33,JAR-2-MGE-S4
153,NR_179587.1,1,1453,1,1437,98.8988,0.988988,35.4,1,1926283,Bacteria,unclassified Bacteria kingdom,Firmicutes,Clostridia,Eubacteriales,Lachnospiraceae,Lachnoclostridium,Lachnoclostridium edouardi,0.988988300068823,0.104393211946385,0.105555558078008,0,JAR-2-MGE-S4
154,NR_179599.1,1,1429,13,1429,100,12.4339,29.5,2.08,1937461,Bacteria,unclassified Bacteria kingdom,Actinobacteria,Coriobacteriia,Coriobacteriales,Coriobacteriaceae,Collinsella,Collinsella provencensis,12.4338698390483,0.961077498350772,0.0772951229819481,0.04,JAR-2-MGE-S4
155,NR_179604.1,1,1455,1151,1455,100,1123.28,33.5,44.5,1944635,Bacteria,unclassified Bacteria kingdom,Proteobacteria,Betaproteobacteria,Burkholderiales,Sutterellaceae,Sutterella,Sutterella seckii,1123.28453608247,40.7757834150362,0.0363004938688503,3.22,JAR-2-MGE-S4
157,NR_179646.1,1,1556,133,1511,97.108,123.13,32.5,2.4,2045301,Bacteria,unclassified Bacteria kingdom,Firmicutes,Negativicutes,Veillonellales,Veillonellaceae,Megasphaera,'Megasphaera vaginalis' Bordigoni et al. 2020,123.129820051414,28.2799711696576,0.229676053760568,0.37,JAR-2-MGE-S4
158,NR_179932.1,1,1396,1183,1396,100,1144.36,33.3,6.27,2144175,Bacteria,unclassified Bacteria kingdom,Firmicutes,Negativicutes,Veillonellales,Veillonellaceae,Megasphaera,Megasphaera stantonii,1144.35744985673,103.994508514107,0.0908758959249372,3.31,JAR-2-MGE-S4
159,NR_179976.1,1,1379,24,1345,97.5344,22.0943,33.1,14.9,2094151,Bacteria,unclassified Bacteria kingdom,Bacteroidota,Bacteroidia,Bacteroidales,Muribaculaceae,Paramuribaculum,Paramuribaculum intestinale,22.0942712110225,4.6756746866573,0.211623847738625,0.07,JAR-2-MGE-S4
160,NR_180048.1,1,1509,1,1421,94.1683,0.941683,29.1,1,759821,Bacteria,unclassified Bacteria kingdom,Firmicutes,Clostridia,Eubacteriales,Clostridiaceae,Clostridium,Clostridium indicum,0.941683233929755,0.234419148660045,0.248936309168197,0,JAR-2-MGE-S4
161,NR_180452.1,1,1484,3,1441,97.1024,2.6442,30.3,1,2518605,Bacteria,unclassified Bacteria kingdom,Bacteroidota,Bacteroidia,Bacteroidales,Prevotellaceae,Prevotella,Prevotella hominis,2.64420485175202,0.663131865993433,0.250786872868057,0.01,JAR-2-MGE-S4
162,NR_180644.1,1,1305,1,1133,86.8199,0.868199,31.1,1,2603815,Bacteria,unclassified Bacteria kingdom,Actinobacteria,Coriobacteriia,Coriobacteriales,Coriobacteriaceae,Collinsella,Collinsella avium,0.868199233716475,0.338403718714649,0.389776569216784,0,JAR-2-MGE-S4
163,NR_180797.1,1,1468,83,1468,100,78.8931,33.2,21,2605778,Bacteria,unclassified Bacteria kingdom,Firmicutes,Clostridia,Eubacteriales,Clostridiaceae,Clostridium,Clostridium porci,78.8930517711172,10.2316125705003,0.129689653788321,0.23,JAR-2-MGE-S4
164,NR_180820.1,1,1475,33,1475,100,30.4271,31.9,10.4,2606632,Bacteria,unclassified Bacteria kingdom,Firmicutes,Clostridia,Eubacteriales,Lachnospiraceae,Porcincola,Porcincola intestinalis,30.4271186440678,5.94461749030124,0.195372343988287,0.09,JAR-2-MGE-S4
165,NR_180822.1,1,1501,100,1478,98.4677,91.4684,33.2,2.62,2606636,Bacteria,unclassified Bacteria kingdom,Firmicutes,Clostridia,Eubacteriales,Lachnospiraceae,Bilifractor,Bilifractor porci,91.4683544303798,20.2618483335133,0.221517577961189,0.28,JAR-2-MGE-S4
166,NR_180830.1,1,1459,13,1437,98.4921,12.3304,32.2,5.62,2606626,Bacteria,unclassified Bacteria kingdom,Bacteroidota,Bacteroidia,Bacteroidales,Muribaculaceae,Sodaliphilus,Sodaliphilus pleomorphus,12.3303632625086,2.24597871216413,0.182150246862004,0.04,JAR-2-MGE-S4
167,NR_180833.1,1,1470,20,1436,97.6871,18.9238,33.3,6.8,2606635,Bacteria,unclassified Bacteria kingdom,Firmicutes,Clostridia,Eubacteriales,Lachnospiraceae,Waltera,Waltera intestinalis,18.9238095238095,3.18858868450545,0.168496130786649,0.06,JAR-2-MGE-S4
168,NR_181010.1,1,1412,1,1318,93.3428,0.933428,38.6,8,2786956,Bacteria,unclassified Bacteria kingdom,Bacteroidota,Bacteroidia,Bacteroidales,Bacteroidaceae,Phocaeicola,Phocaeicola faecalis,0.93342776203966,0.249368031325772,0.267153004728369,0,JAR-2-MGE-S4
169,NR_181358.1,1,1404,3,1404,100,2.90242,32.5,12.3,2788944,Bacteria,unclassified Bacteria kingdom,Firmicutes,Clostridia,Eubacteriales,Lachnospiraceae,Faecalicatena,Faecalicatena absiana,2.90242165242165,0.337311248538238,0.116217176183481,0.01,JAR-2-MGE-S4
170,NR_181395.1,1,1394,4,1338,95.9828,3.72956,30.5,5,2763669,Bacteria,unclassified Bacteria kingdom,Firmicutes,Clostridia,Eubacteriales,Lachnospiraceae,Qiania,Qiania dongpingensis,3.72955523672884,0.873574040313757,0.234230085054314,0.01,JAR-2-MGE-S4
171,NR_181397.1,1,1401,1,1255,89.5789,0.895789,29.6,1,2763671,Bacteria,unclassified Bacteria kingdom,Firmicutes,Clostridia,Eubacteriales,Lachnospiraceae,Jingyaoa,Jingyaoa shaoxingensis,0.895788722341185,0.305643528899988,0.341200465329787,0,JAR-2-MGE-S4
172,NR_181398.1,1,1390,184,1335,96.0432,170.95,33.1,15.2,2763667,Bacteria,unclassified Bacteria kingdom,Firmicutes,Clostridia,Eubacteriales,Lachnospiraceae,Wansuia,Wansuia hejianensis,170.94964028777,39.5626784410316,0.231428848720789,0.51,JAR-2-MGE-S4
173,NR_181532.1,1,1419,6,1415,99.7181,5.8802,32,32.3,2792859,Bacteria,unclassified Bacteria kingdom,Bacteroidota,Bacteroidia,Bacteroidales,Bacteroidaceae,Bacteroides,Bacteroides humanifaecis,5.88019732205779,0.455055867514989,0.0773878566639225,0.02,JAR-2-MGE-S4
174,NR_181885.1,1,1463,7,1455,99.4532,6.57758,32.2,9.57,2885351,Bacteria,unclassified Bacteria kingdom,Firmicutes,Clostridia,Eubacteriales,Lachnospiraceae,Hominisplanchenecus,Hominisplanchenecus faecis,6.57758031442242,0.908594257918201,0.138135030586546,0.02,JAR-2-MGE-S4
