"ID"	"Kingdom"	"Phylum"	"Class"	"Order"	"Family"	"Genus"	"Species"
"txid1329411"	"k__Bacteria"	"p__Actinobacteria"	"c__Actinomycetia"	"o__Bifidobacteriales"	"f__Bifidobacteriaceae"	"g__Bifidobacterium"	"s__Bifidobacterium aesculapii"
"txid1769423"	"k__Bacteria"	"p__Actinobacteria"	"c__Actinomycetia"	"o__Bifidobacteriales"	"f__Bifidobacteriaceae"	"g__Bifidobacterium"	"s__Bifidobacterium apri"
"txid1437609"	"k__Bacteria"	"p__Actinobacteria"	"c__Actinomycetia"	"o__Bifidobacteriales"	"f__Bifidobacteriaceae"	"g__Bifidobacterium"	"s__Bifidobacterium callitrichos"
"txid2650773"	"k__Bacteria"	"p__Actinobacteria"	"c__Actinomycetia"	"o__Bifidobacteriales"	"f__Bifidobacteriaceae"	"g__Bifidobacterium"	"s__Bifidobacterium cebidarum"
"txid1630172"	"k__Bacteria"	"p__Actinobacteria"	"c__Actinomycetia"	"o__Bifidobacteriales"	"f__Bifidobacteriaceae"	"g__Bifidobacterium"	"s__Bifidobacterium hapali"
"txid2650774"	"k__Bacteria"	"p__Actinobacteria"	"c__Actinomycetia"	"o__Bifidobacteriales"	"f__Bifidobacteriaceae"	"g__Bifidobacterium"	"s__Bifidobacterium leontopitheci"
"txid2834437"	"k__Bacteria"	"p__Actinobacteria"	"c__Actinomycetia"	"o__Bifidobacteriales"	"f__Bifidobacteriaceae"	"g__Bifidobacterium"	"s__Bifidobacterium miconisargentati"
"txid1630166"	"k__Bacteria"	"p__Actinobacteria"	"c__Actinomycetia"	"o__Bifidobacteriales"	"f__Bifidobacteriaceae"	"g__Bifidobacterium"	"s__Bifidobacterium myosotis"
"txid2834431"	"k__Bacteria"	"p__Actinobacteria"	"c__Actinomycetia"	"o__Bifidobacteriales"	"f__Bifidobacteriaceae"	"g__Bifidobacterium"	"s__Bifidobacterium phasiani"
"txid2834432"	"k__Bacteria"	"p__Actinobacteria"	"c__Actinomycetia"	"o__Bifidobacteriales"	"f__Bifidobacteriaceae"	"g__Bifidobacterium"	"s__Bifidobacterium pongonis"
"txid78257"	"k__Bacteria"	"p__Actinobacteria"	"c__Actinomycetia"	"o__Bifidobacteriales"	"f__Bifidobacteriaceae"	"g__Bifidobacterium"	"s__Bifidobacterium pullorum"
"txid1437610"	"k__Bacteria"	"p__Actinobacteria"	"c__Actinomycetia"	"o__Bifidobacteriales"	"f__Bifidobacteriaceae"	"g__Bifidobacterium"	"s__Bifidobacterium reuteri"
"txid2045439"	"k__Bacteria"	"p__Actinobacteria"	"c__Actinomycetia"	"o__Bifidobacteriales"	"f__Bifidobacteriaceae"	"g__Bifidobacterium"	"s__Bifidobacterium rousetti"
"txid2834433"	"k__Bacteria"	"p__Actinobacteria"	"c__Actinomycetia"	"o__Bifidobacteriales"	"f__Bifidobacteriaceae"	"g__Bifidobacterium"	"s__Bifidobacterium saguinibicoloris"
"txid2306974"	"k__Bacteria"	"p__Actinobacteria"	"c__Actinomycetia"	"o__Bifidobacteriales"	"f__Bifidobacteriaceae"	"g__Bifidobacterium"	"s__Bifidobacterium samirii"
"txid2809028"	"k__Bacteria"	"p__Actinobacteria"	"c__Actinomycetia"	"o__Bifidobacteriales"	"f__Bifidobacteriaceae"	"g__Bifidobacterium"	"s__Bifidobacterium santillanense"
"txid2562524"	"k__Bacteria"	"p__Actinobacteria"	"c__Actinomycetia"	"o__Bifidobacteriales"	"f__Bifidobacteriaceae"	"g__Bifidobacterium"	"s__Bifidobacterium vespertilionis"
"txid1964384"	"k__Bacteria"	"p__Actinobacteria"	"c__Coriobacteriia"	"o__Coriobacteriales"	"f__Atopobiaceae"	"g__Olsenella"	"s__Olsenella congonensis"
"txid1852385"	"k__Bacteria"	"p__Actinobacteria"	"c__Coriobacteriia"	"o__Coriobacteriales"	"f__Atopobiaceae"	"g__Olsenella"	"s__Olsenella phocaeensis"
"txid997349"	"k__Bacteria"	"p__Actinobacteria"	"c__Coriobacteriia"	"o__Coriobacteriales"	"f__Atopobiaceae"	"g__Olsenella"	"s__Olsenella profusa"
"txid1805478"	"k__Bacteria"	"p__Actinobacteria"	"c__Coriobacteriia"	"o__Coriobacteriales"	"f__Atopobiaceae"	"g__Olsenella"	"s__Olsenella timonensis"
"txid2003188"	"k__Bacteria"	"p__Actinobacteria"	"c__Coriobacteriia"	"o__Coriobacteriales"	"f__Atopobiaceae"	"g__Parolsenella"	"s__Parolsenella catena"
"txid1871031"	"k__Bacteria"	"p__Actinobacteria"	"c__Coriobacteriia"	"o__Coriobacteriales"	"f__Atopobiaceae"	"g__Thermophilibacter"	"s__Thermophilibacter mediterraneus"
"txid1907654"	"k__Bacteria"	"p__Actinobacteria"	"c__Coriobacteriia"	"o__Coriobacteriales"	"f__Coriobacteriaceae"	"g__Collinsella"	"s__Collinsella bouchesdurhonensis"
"txid147207"	"k__Bacteria"	"p__Actinobacteria"	"c__Coriobacteriia"	"o__Coriobacteriales"	"f__Coriobacteriaceae"	"g__Collinsella"	"s__Collinsella intestinalis"
"txid1871016"	"k__Bacteria"	"p__Actinobacteria"	"c__Coriobacteriia"	"o__Coriobacteriales"	"f__Coriobacteriaceae"	"g__Collinsella"	"s__Collinsella phocaeensis"
"txid1937461"	"k__Bacteria"	"p__Actinobacteria"	"c__Coriobacteriia"	"o__Coriobacteriales"	"f__Coriobacteriaceae"	"g__Collinsella"	"s__Collinsella provencensis"
"txid147206"	"k__Bacteria"	"p__Actinobacteria"	"c__Coriobacteriia"	"o__Coriobacteriales"	"f__Coriobacteriaceae"	"g__Collinsella"	"s__Collinsella stercoris"
"txid742742"	"k__Bacteria"	"p__Actinobacteria"	"c__Coriobacteriia"	"o__Coriobacteriales"	"f__Coriobacteriaceae"	"g__Collinsella"	"s__Collinsella tanakaei"
"txid1870987"	"k__Bacteria"	"p__Actinobacteria"	"c__Coriobacteriia"	"o__Coriobacteriales"	"f__Coriobacteriaceae"	"g__Collinsella"	"s__Collinsella vaginalis"
"txid2590867"	"k__Bacteria"	"p__Actinobacteria"	"c__Coriobacteriia"	"o__Coriobacteriales"	"f__Coriobacteriaceae"	"g__Enorma"	"s__Enorma burkinafasonensis"
"txid883106"	"k__Bacteria"	"p__Actinobacteria"	"c__Coriobacteriia"	"o__Eggerthellales"	"f__Eggerthellaceae"	"g__Paraeggerthella"	"s__Paraeggerthella hongkongensis"
"txid1411144"	"k__Bacteria"	"p__Bacteroidota"	"c__Bacteroidia"	"o__Bacteroidales"	"f__Bacteroidaceae"	"g__Bacteroides"	"s__Bacteroides caecigallinarum"
"txid338188"	"k__Bacteria"	"p__Bacteroidota"	"c__Bacteroidia"	"o__Bacteroidales"	"f__Bacteroidaceae"	"g__Bacteroides"	"s__Bacteroides finegoldii"
"txid1462571"	"k__Bacteria"	"p__Bacteroidota"	"c__Bacteroidia"	"o__Bacteroidales"	"f__Bacteroidaceae"	"g__Bacteroides"	"s__Bacteroides gallinaceum"
"txid2792859"	"k__Bacteria"	"p__Bacteroidota"	"c__Bacteroidia"	"o__Bacteroidales"	"f__Bacteroidaceae"	"g__Bacteroides"	"s__Bacteroides humanifaecis"
"txid1841856"	"k__Bacteria"	"p__Bacteroidota"	"c__Bacteroidia"	"o__Bacteroidales"	"f__Bacteroidaceae"	"g__Bacteroides"	"s__Bacteroides mediterraneensis"
"txid449673"	"k__Bacteria"	"p__Bacteroidota"	"c__Bacteroidia"	"o__Bacteroidales"	"f__Bacteroidaceae"	"g__Bacteroides"	"s__Bacteroides stercoris"
"txid818"	"k__Bacteria"	"p__Bacteroidota"	"c__Bacteroidia"	"o__Bacteroidales"	"f__Bacteroidaceae"	"g__Bacteroides"	"s__Bacteroides thetaiotaomicron"
"txid820"	"k__Bacteria"	"p__Bacteroidota"	"c__Bacteroidia"	"o__Bacteroidales"	"f__Bacteroidaceae"	"g__Bacteroides"	"s__Bacteroides uniformis"
"txid657309"	"k__Bacteria"	"p__Bacteroidota"	"c__Bacteroidia"	"o__Bacteroidales"	"f__Bacteroidaceae"	"g__Bacteroides"	"s__Bacteroides xylanisolvens"
"txid2725562"	"k__Bacteria"	"p__Bacteroidota"	"c__Bacteroidia"	"o__Bacteroidales"	"f__Bacteroidaceae"	"g__Caecibacteroides"	"s__Caecibacteroides pullorum"
"txid1841865"	"k__Bacteria"	"p__Bacteroidota"	"c__Bacteroidia"	"o__Bacteroidales"	"f__Bacteroidaceae"	"g__Mediterranea"	"s__Mediterranea massiliensis"
"txid376804"	"k__Bacteria"	"p__Bacteroidota"	"c__Bacteroidia"	"o__Bacteroidales"	"f__Bacteroidaceae"	"g__Phocaeicola"	"s__Phocaeicola barnesiae"
"txid387090"	"k__Bacteria"	"p__Bacteroidota"	"c__Bacteroidia"	"o__Bacteroidales"	"f__Bacteroidaceae"	"g__Phocaeicola"	"s__Phocaeicola coprophilus"
"txid357276"	"k__Bacteria"	"p__Bacteroidota"	"c__Bacteroidia"	"o__Bacteroidales"	"f__Bacteroidaceae"	"g__Phocaeicola"	"s__Phocaeicola dorei"
"txid2786956"	"k__Bacteria"	"p__Bacteroidota"	"c__Bacteroidia"	"o__Bacteroidales"	"f__Bacteroidaceae"	"g__Phocaeicola"	"s__Phocaeicola faecalis"
"txid2739389"	"k__Bacteria"	"p__Bacteroidota"	"c__Bacteroidia"	"o__Bacteroidales"	"f__Bacteroidaceae"	"g__Phocaeicola"	"s__Phocaeicola faecicola"
"txid204516"	"k__Bacteria"	"p__Bacteroidota"	"c__Bacteroidia"	"o__Bacteroidales"	"f__Bacteroidaceae"	"g__Phocaeicola"	"s__Phocaeicola massiliensis"
"txid1236498"	"k__Bacteria"	"p__Bacteroidota"	"c__Bacteroidia"	"o__Bacteroidales"	"f__Bacteroidaceae"	"g__Phocaeicola"	"s__Phocaeicola paurosaccharolyticus"
"txid484018"	"k__Bacteria"	"p__Bacteroidota"	"c__Bacteroidia"	"o__Bacteroidales"	"f__Bacteroidaceae"	"g__Phocaeicola"	"s__Phocaeicola plebeius"
"txid1236538"	"k__Bacteria"	"p__Bacteroidota"	"c__Bacteroidia"	"o__Bacteroidales"	"f__Bacteroidaceae"	"g__Phocaeicola"	"s__Phocaeicola sartorii"
"txid435590"	"k__Bacteria"	"p__Bacteroidota"	"c__Bacteroidia"	"o__Bacteroidales"	"f__Bacteroidaceae"	"g__Phocaeicola"	"s__Phocaeicola vulgatus"
"txid487174"	"k__Bacteria"	"p__Bacteroidota"	"c__Bacteroidia"	"o__Bacteroidales"	"f__Barnesiellaceae"	"g__Barnesiella"	"s__Barnesiella intestinihominis"
"txid397865"	"k__Bacteria"	"p__Bacteroidota"	"c__Bacteroidia"	"o__Bacteroidales"	"f__Barnesiellaceae"	"g__Barnesiella"	"s__Barnesiella viscericola"
"txid1349822"	"k__Bacteria"	"p__Bacteroidota"	"c__Bacteroidia"	"o__Bacteroidales"	"f__Barnesiellaceae"	"g__Coprobacter"	"s__Coprobacter fastidiosus"
"txid2530391"	"k__Bacteria"	"p__Bacteroidota"	"c__Bacteroidia"	"o__Bacteroidales"	"f__Muribaculaceae"	"g__Duncaniella"	"s__Duncaniella freteri"
"txid1796646"	"k__Bacteria"	"p__Bacteroidota"	"c__Bacteroidia"	"o__Bacteroidales"	"f__Muribaculaceae"	"g__Muribaculum"	"s__Muribaculum intestinale"
"txid2094151"	"k__Bacteria"	"p__Bacteroidota"	"c__Bacteroidia"	"o__Bacteroidales"	"f__Muribaculaceae"	"g__Paramuribaculum"	"s__Paramuribaculum intestinale"
"txid2606626"	"k__Bacteria"	"p__Bacteroidota"	"c__Bacteroidia"	"o__Bacteroidales"	"f__Muribaculaceae"	"g__Sodaliphilus"	"s__Sodaliphilus pleomorphus"
"txid671218"	"k__Bacteria"	"p__Bacteroidota"	"c__Bacteroidia"	"o__Bacteroidales"	"f__Prevotellaceae"	"g__Alloprevotella"	"s__Alloprevotella rava"
"txid76122"	"k__Bacteria"	"p__Bacteroidota"	"c__Bacteroidia"	"o__Bacteroidales"	"f__Prevotellaceae"	"g__Alloprevotella"	"s__Alloprevotella tannerae"
"txid1841864"	"k__Bacteria"	"p__Bacteroidota"	"c__Bacteroidia"	"o__Bacteroidales"	"f__Prevotellaceae"	"g__Marseilla"	"s__Marseilla massiliensis"
"txid454154"	"k__Bacteria"	"p__Bacteroidota"	"c__Bacteroidia"	"o__Bacteroidales"	"f__Prevotellaceae"	"g__Paraprevotella"	"s__Paraprevotella clara"
"txid454155"	"k__Bacteria"	"p__Bacteroidota"	"c__Bacteroidia"	"o__Bacteroidales"	"f__Prevotellaceae"	"g__Paraprevotella"	"s__Paraprevotella xylaniphila"
"txid305719"	"k__Bacteria"	"p__Bacteroidota"	"c__Bacteroidia"	"o__Bacteroidales"	"f__Prevotellaceae"	"g__Prevotella"	"s__Prevotella baroniae"
"txid873513"	"k__Bacteria"	"p__Bacteroidota"	"c__Bacteroidia"	"o__Bacteroidales"	"f__Prevotellaceae"	"g__Prevotella"	"s__Prevotella buccae"
"txid537011"	"k__Bacteria"	"p__Bacteroidota"	"c__Bacteroidia"	"o__Bacteroidales"	"f__Prevotellaceae"	"g__Prevotella"	"s__Prevotella copri"
"txid1236509"	"k__Bacteria"	"p__Bacteroidota"	"c__Bacteroidia"	"o__Bacteroidales"	"f__Prevotellaceae"	"g__Prevotella"	"s__Prevotella dentasini"
"txid28129"	"k__Bacteria"	"p__Bacteroidota"	"c__Bacteroidia"	"o__Bacteroidales"	"f__Prevotellaceae"	"g__Prevotella"	"s__Prevotella denticola"
"txid2801997"	"k__Bacteria"	"p__Bacteroidota"	"c__Bacteroidia"	"o__Bacteroidales"	"f__Prevotellaceae"	"g__Prevotella"	"s__Prevotella herbatica"
"txid2518605"	"k__Bacteria"	"p__Bacteroidota"	"c__Bacteroidia"	"o__Bacteroidales"	"f__Prevotellaceae"	"g__Prevotella"	"s__Prevotella hominis"
"txid2800387"	"k__Bacteria"	"p__Bacteroidota"	"c__Bacteroidia"	"o__Bacteroidales"	"f__Prevotellaceae"	"g__Prevotella"	"s__Prevotella illustrans"
"txid1177574"	"k__Bacteria"	"p__Bacteroidota"	"c__Bacteroidia"	"o__Bacteroidales"	"f__Prevotellaceae"	"g__Prevotella"	"s__Prevotella jejuni"
"txid439703"	"k__Bacteria"	"p__Bacteroidota"	"c__Bacteroidia"	"o__Bacteroidales"	"f__Prevotellaceae"	"g__Prevotella"	"s__Prevotella maculosa"
"txid28135"	"k__Bacteria"	"p__Bacteroidota"	"c__Bacteroidia"	"o__Bacteroidales"	"f__Prevotellaceae"	"g__Prevotella"	"s__Prevotella oris"
"txid185294"	"k__Bacteria"	"p__Bacteroidota"	"c__Bacteroidia"	"o__Bacteroidales"	"f__Prevotellaceae"	"g__Prevotella"	"s__Prevotella paludivivens"
"txid1676614"	"k__Bacteria"	"p__Bacteroidota"	"c__Bacteroidia"	"o__Bacteroidales"	"f__Prevotellaceae"	"g__Prevotella"	"s__Prevotella rara"
"txid1002367"	"k__Bacteria"	"p__Bacteroidota"	"c__Bacteroidia"	"o__Bacteroidales"	"f__Prevotellaceae"	"g__Prevotella"	"s__Prevotella stercorea"
"txid1852370"	"k__Bacteria"	"p__Bacteroidota"	"c__Bacteroidia"	"o__Bacteroidales"	"f__Prevotellaceae"	"g__Prevotellamassilia"	"s__Prevotellamassilia timonensis"
"txid2290935"	"k__Bacteria"	"p__Bacteroidota"	"c__Bacteroidia"	"o__Bacteroidales"	"f__Tannerellaceae"	"g__Parabacteroides"	"s__Parabacteroides acidifaciens"
"txid871327"	"k__Bacteria"	"p__Bacteroidota"	"c__Bacteroidia"	"o__Bacteroidales"	"f__Tannerellaceae"	"g__Parabacteroides"	"s__Parabacteroides chinchillae"
"txid823"	"k__Bacteria"	"p__Bacteroidota"	"c__Bacteroidia"	"o__Bacteroidales"	"f__Tannerellaceae"	"g__Parabacteroides"	"s__Parabacteroides distasonis"
"txid387661"	"k__Bacteria"	"p__Bacteroidota"	"c__Bacteroidia"	"o__Bacteroidales"	"f__Tannerellaceae"	"g__Parabacteroides"	"s__Parabacteroides johnsonii"
"txid46503"	"k__Bacteria"	"p__Bacteroidota"	"c__Bacteroidia"	"o__Bacteroidales"	"f__Tannerellaceae"	"g__Parabacteroides"	"s__Parabacteroides merdae"
"txid2753162"	"k__Bacteria"	"p__Bacteroidota"	"c__Bacteroidia"	"o__Bacteroidales"	"f__Tannerellaceae"	"g__Parabacteroides"	"s__Parabacteroides pekinense"
"txid29391"	"k__Bacteria"	"p__Firmicutes"	"c__Bacilli"	"o__Bacillales"	"f__"	"g__Gemella"	"s__Gemella morbillorum"
"txid2382163"	"k__Bacteria"	"p__Firmicutes"	"c__Bacilli"	"o__Lactobacillales"	"f__Streptococcaceae"	"g__Streptococcus"	"s__Streptococcus koreensis"
"txid655813"	"k__Bacteria"	"p__Firmicutes"	"c__Bacilli"	"o__Lactobacillales"	"f__Streptococcaceae"	"g__Streptococcus"	"s__Streptococcus oralis"
"txid1547447"	"k__Bacteria"	"p__Firmicutes"	"c__Bacilli"	"o__Lactobacillales"	"f__Streptococcaceae"	"g__Streptococcus"	"s__Streptococcus oricebi"
"txid2853160"	"k__Bacteria"	"p__Firmicutes"	"c__Bacilli"	"o__Lactobacillales"	"f__Streptococcaceae"	"g__Streptococcus"	"s__Streptococcus vulneris"
"txid501571"	"k__Bacteria"	"p__Firmicutes"	"c__Clostridia"	"o__Eubacteriales"	"f__Clostridiaceae"	"g__Butyricicoccus"	"s__Butyricicoccus pullicaecorum"
"txid2126740"	"k__Bacteria"	"p__Firmicutes"	"c__Clostridia"	"o__Eubacteriales"	"f__Clostridiaceae"	"g__Clostridium"	"s__Clostridium fessum"
"txid759821"	"k__Bacteria"	"p__Firmicutes"	"c__Clostridia"	"o__Eubacteriales"	"f__Clostridiaceae"	"g__Clostridium"	"s__Clostridium indicum"
"txid1650661"	"k__Bacteria"	"p__Firmicutes"	"c__Clostridia"	"o__Eubacteriales"	"f__Clostridiaceae"	"g__Clostridium"	"s__Clostridium phoceensis"
"txid2605778"	"k__Bacteria"	"p__Firmicutes"	"c__Clostridia"	"o__Eubacteriales"	"f__Clostridiaceae"	"g__Clostridium"	"s__Clostridium porci"
"txid2479838"	"k__Bacteria"	"p__Firmicutes"	"c__Clostridia"	"o__Eubacteriales"	"f__Clostridiaceae"	"g__Clostridium"	"s__Clostridium transplantifaecale"
"txid384636"	"k__Bacteria"	"p__Firmicutes"	"c__Clostridia"	"o__Eubacteriales"	"f__Clostridiaceae"	"g__Hungatella"	"s__Hungatella xylanolytica"
"txid53442"	"k__Bacteria"	"p__Firmicutes"	"c__Clostridia"	"o__Eubacteriales"	"f__Eubacteriaceae"	"g__Eubacterium"	"s__Eubacterium callanderi"
"txid433286"	"k__Bacteria"	"p__Firmicutes"	"c__Clostridia"	"o__Eubacteriales"	"f__Lachnospiraceae"	"g__Anaerocolumna"	"s__Anaerocolumna cellulosilytica"
"txid259063"	"k__Bacteria"	"p__Firmicutes"	"c__Clostridia"	"o__Eubacteriales"	"f__Lachnospiraceae"	"g__Anaerocolumna"	"s__Anaerocolumna jejuensis"
"txid2606636"	"k__Bacteria"	"p__Firmicutes"	"c__Clostridia"	"o__Eubacteriales"	"f__Lachnospiraceae"	"g__Bilifractor"	"s__Bilifractor porci"
"txid1912897"	"k__Bacteria"	"p__Firmicutes"	"c__Clostridia"	"o__Eubacteriales"	"f__Lachnospiraceae"	"g__Blautia"	"s__Blautia argi"
"txid1796615"	"k__Bacteria"	"p__Firmicutes"	"c__Clostridia"	"o__Eubacteriales"	"f__Lachnospiraceae"	"g__Blautia"	"s__Blautia caecimuris"
"txid1532"	"k__Bacteria"	"p__Firmicutes"	"c__Clostridia"	"o__Eubacteriales"	"f__Lachnospiraceae"	"g__Blautia"	"s__Blautia coccoides"
"txid2509240"	"k__Bacteria"	"p__Firmicutes"	"c__Clostridia"	"o__Eubacteriales"	"f__Lachnospiraceae"	"g__Blautia"	"s__Blautia faecicola"
"txid536633"	"k__Bacteria"	"p__Firmicutes"	"c__Clostridia"	"o__Eubacteriales"	"f__Lachnospiraceae"	"g__Blautia"	"s__Blautia glucerasea"
"txid2025493"	"k__Bacteria"	"p__Firmicutes"	"c__Clostridia"	"o__Eubacteriales"	"f__Lachnospiraceae"	"g__Blautia"	"s__Blautia hominis"
"txid1121114"	"k__Bacteria"	"p__Firmicutes"	"c__Clostridia"	"o__Eubacteriales"	"f__Lachnospiraceae"	"g__Blautia"	"s__Blautia producta"
"txid180164"	"k__Bacteria"	"p__Firmicutes"	"c__Clostridia"	"o__Eubacteriales"	"f__Lachnospiraceae"	"g__Blautia"	"s__Blautia schinkii"
"txid1121115"	"k__Bacteria"	"p__Firmicutes"	"c__Clostridia"	"o__Eubacteriales"	"f__Lachnospiraceae"	"g__Blautia"	"s__Blautia wexlerae"
"txid45851"	"k__Bacteria"	"p__Firmicutes"	"c__Clostridia"	"o__Eubacteriales"	"f__Lachnospiraceae"	"g__Butyrivibrio"	"s__Butyrivibrio crossotus"
"txid831"	"k__Bacteria"	"p__Firmicutes"	"c__Clostridia"	"o__Eubacteriales"	"f__Lachnospiraceae"	"g__Butyrivibrio"	"s__Butyrivibrio fibrisolvens"
"txid185008"	"k__Bacteria"	"p__Firmicutes"	"c__Clostridia"	"o__Eubacteriales"	"f__Lachnospiraceae"	"g__Butyrivibrio"	"s__Butyrivibrio hungatei"
"txid43305"	"k__Bacteria"	"p__Firmicutes"	"c__Clostridia"	"o__Eubacteriales"	"f__Lachnospiraceae"	"g__Butyrivibrio"	"s__Butyrivibrio proteoclasticus"
"txid33043"	"k__Bacteria"	"p__Firmicutes"	"c__Clostridia"	"o__Eubacteriales"	"f__Lachnospiraceae"	"g__Coprococcus"	"s__Coprococcus eutactus"
"txid1432052"	"k__Bacteria"	"p__Firmicutes"	"c__Clostridia"	"o__Eubacteriales"	"f__Lachnospiraceae"	"g__Eisenbergiella"	"s__Eisenbergiella tayi"
"txid208479"	"k__Bacteria"	"p__Firmicutes"	"c__Clostridia"	"o__Eubacteriales"	"f__Lachnospiraceae"	"g__Enterocloster"	"s__Enterocloster bolteae"
"txid358743"	"k__Bacteria"	"p__Firmicutes"	"c__Clostridia"	"o__Eubacteriales"	"f__Lachnospiraceae"	"g__Enterocloster"	"s__Enterocloster citroniae"
"txid1531"	"k__Bacteria"	"p__Firmicutes"	"c__Clostridia"	"o__Eubacteriales"	"f__Lachnospiraceae"	"g__Enterocloster"	"s__Enterocloster clostridioformis"
"txid460384"	"k__Bacteria"	"p__Firmicutes"	"c__Clostridia"	"o__Eubacteriales"	"f__Lachnospiraceae"	"g__Enterocloster"	"s__Enterocloster lavalensis"
"txid2788944"	"k__Bacteria"	"p__Firmicutes"	"c__Clostridia"	"o__Eubacteriales"	"f__Lachnospiraceae"	"g__Faecalicatena"	"s__Faecalicatena absiana"
"txid39482"	"k__Bacteria"	"p__Firmicutes"	"c__Clostridia"	"o__Eubacteriales"	"f__Lachnospiraceae"	"g__Faecalicatena"	"s__Faecalicatena contorta"
"txid2726362"	"k__Bacteria"	"p__Firmicutes"	"c__Clostridia"	"o__Eubacteriales"	"f__Lachnospiraceae"	"g__Faecalicatena"	"s__Faecalicatena faecalis"
"txid1544"	"k__Bacteria"	"p__Firmicutes"	"c__Clostridia"	"o__Eubacteriales"	"f__Lachnospiraceae"	"g__Faecalicatena"	"s__Faecalicatena orotica"
"txid2885351"	"k__Bacteria"	"p__Firmicutes"	"c__Clostridia"	"o__Eubacteriales"	"f__Lachnospiraceae"	"g__Hominisplanchenecus"	"s__Hominisplanchenecus faecis"
"txid2763671"	"k__Bacteria"	"p__Firmicutes"	"c__Clostridia"	"o__Eubacteriales"	"f__Lachnospiraceae"	"g__Jingyaoa"	"s__Jingyaoa shaoxingensis"
"txid1469948"	"k__Bacteria"	"p__Firmicutes"	"c__Clostridia"	"o__Eubacteriales"	"f__Lachnospiraceae"	"g__Kineothrix"	"s__Kineothrix alysoides"
"txid29364"	"k__Bacteria"	"p__Firmicutes"	"c__Clostridia"	"o__Eubacteriales"	"f__Lachnospiraceae"	"g__Lachnoclostridium"	"s__Clostridium polysaccharolyticum"
"txid1926283"	"k__Bacteria"	"p__Firmicutes"	"c__Clostridia"	"o__Eubacteriales"	"f__Lachnospiraceae"	"g__Lachnoclostridium"	"s__Lachnoclostridium edouardi"
"txid1917870"	"k__Bacteria"	"p__Firmicutes"	"c__Clostridia"	"o__Eubacteriales"	"f__Lachnospiraceae"	"g__Lachnoclostridium"	"s__Lachnoclostridium pacaense"
"txid1852382"	"k__Bacteria"	"p__Firmicutes"	"c__Clostridia"	"o__Eubacteriales"	"f__Lachnospiraceae"	"g__Lachnoclostridium"	"s__Lachnoclostridium urinimassiliense"
"txid253257"	"k__Bacteria"	"p__Firmicutes"	"c__Clostridia"	"o__Eubacteriales"	"f__Lachnospiraceae"	"g__Lacrimispora"	"s__Lacrimispora amygdalina"
"txid1286362"	"k__Bacteria"	"p__Firmicutes"	"c__Clostridia"	"o__Eubacteriales"	"f__Lachnospiraceae"	"g__Lacrimispora"	"s__Lacrimispora celerecrescens"
"txid69825"	"k__Bacteria"	"p__Firmicutes"	"c__Clostridia"	"o__Eubacteriales"	"f__Lachnospiraceae"	"g__Lacrimispora"	"s__Lacrimispora indolis"
"txid84030"	"k__Bacteria"	"p__Firmicutes"	"c__Clostridia"	"o__Eubacteriales"	"f__Lachnospiraceae"	"g__Lacrimispora"	"s__Lacrimispora saccharolytica"
"txid29370"	"k__Bacteria"	"p__Firmicutes"	"c__Clostridia"	"o__Eubacteriales"	"f__Lachnospiraceae"	"g__Lacrimispora"	"s__Lacrimispora sphenoides"
"txid168384"	"k__Bacteria"	"p__Firmicutes"	"c__Clostridia"	"o__Eubacteriales"	"f__Lachnospiraceae"	"g__Marvinbryantia"	"s__Marvinbryantia formatexigens"
"txid411470"	"k__Bacteria"	"p__Firmicutes"	"c__Clostridia"	"o__Eubacteriales"	"f__Lachnospiraceae"	"g__Mediterraneibacter"	"s__Ruminococcus gnavus"
"txid1337051"	"k__Bacteria"	"p__Firmicutes"	"c__Clostridia"	"o__Eubacteriales"	"f__Lachnospiraceae"	"g__Murimonas"	"s__Murimonas intestini"
"txid796944"	"k__Bacteria"	"p__Firmicutes"	"c__Clostridia"	"o__Eubacteriales"	"f__Lachnospiraceae"	"g__Oribacterium"	"s__Oribacterium asaccharolyticum"
"txid796943"	"k__Bacteria"	"p__Firmicutes"	"c__Clostridia"	"o__Eubacteriales"	"f__Lachnospiraceae"	"g__Oribacterium"	"s__Oribacterium parvum"
"txid237576"	"k__Bacteria"	"p__Firmicutes"	"c__Clostridia"	"o__Eubacteriales"	"f__Lachnospiraceae"	"g__Oribacterium"	"s__Oribacterium sinus"
"txid2606632"	"k__Bacteria"	"p__Firmicutes"	"c__Clostridia"	"o__Eubacteriales"	"f__Lachnospiraceae"	"g__Porcincola"	"s__Porcincola intestinalis"
"txid2763669"	"k__Bacteria"	"p__Firmicutes"	"c__Clostridia"	"o__Eubacteriales"	"f__Lachnospiraceae"	"g__Qiania"	"s__Qiania dongpingensis"
"txid2606635"	"k__Bacteria"	"p__Firmicutes"	"c__Clostridia"	"o__Eubacteriales"	"f__Lachnospiraceae"	"g__Waltera"	"s__Waltera intestinalis"
"txid2763667"	"k__Bacteria"	"p__Firmicutes"	"c__Clostridia"	"o__Eubacteriales"	"f__Lachnospiraceae"	"g__Wansuia"	"s__Wansuia hejianensis"
"txid292800"	"k__Bacteria"	"p__Firmicutes"	"c__Clostridia"	"o__Eubacteriales"	"f__Oscillospiraceae"	"g__Flavonifractor"	"s__Flavonifractor plautii"
"txid2741"	"k__Bacteria"	"p__Firmicutes"	"c__Clostridia"	"o__Eubacteriales"	"f__Peptococcaceae"	"g__Peptococcus"	"s__Peptococcus niger"
"txid2654621"	"k__Bacteria"	"p__Firmicutes"	"c__Negativicutes"	"o__Acidaminococcales"	"f__Acidaminococcaceae"	"g__Phascolarctobacterium"	"s__Phascolarctobacterium wakonense"
"txid742816"	"k__Bacteria"	"p__Firmicutes"	"c__Negativicutes"	"o__Selenomonadales"	"f__Selenomonadaceae"	"g__Megamonas"	"s__Megamonas funiformis"
"txid158847"	"k__Bacteria"	"p__Firmicutes"	"c__Negativicutes"	"o__Selenomonadales"	"f__Selenomonadaceae"	"g__Megamonas"	"s__Megamonas hypermegale"
"txid491921"	"k__Bacteria"	"p__Firmicutes"	"c__Negativicutes"	"o__Selenomonadales"	"f__Selenomonadaceae"	"g__Megamonas"	"s__Megamonas rupellensis"
"txid209880"	"k__Bacteria"	"p__Firmicutes"	"c__Negativicutes"	"o__Veillonellales"	"f__Veillonellaceae"	"g__Allisonella"	"s__Allisonella histaminiformans"
"txid156456"	"k__Bacteria"	"p__Firmicutes"	"c__Negativicutes"	"o__Veillonellales"	"f__Veillonellaceae"	"g__Anaeroglobus"	"s__Anaeroglobus geminatus"
"txid1852378"	"k__Bacteria"	"p__Firmicutes"	"c__Negativicutes"	"o__Veillonellales"	"f__Veillonellaceae"	"g__Caecibacter"	"s__Caecibacter massiliensis"
"txid1852379"	"k__Bacteria"	"p__Firmicutes"	"c__Negativicutes"	"o__Veillonellales"	"f__Veillonellaceae"	"g__Colibacter"	"s__Colibacter massiliensis"
"txid1064535"	"k__Bacteria"	"p__Firmicutes"	"c__Negativicutes"	"o__Veillonellales"	"f__Veillonellaceae"	"g__Megasphaera"	"s__Megasphaera elsdenii"
"txid1675036"	"k__Bacteria"	"p__Firmicutes"	"c__Negativicutes"	"o__Veillonellales"	"f__Veillonellaceae"	"g__Megasphaera"	"s__Megasphaera hexanoica"
"txid879612"	"k__Bacteria"	"p__Firmicutes"	"c__Negativicutes"	"o__Veillonellales"	"f__Veillonellaceae"	"g__Megasphaera"	"s__Megasphaera indica"
"txid1232428"	"k__Bacteria"	"p__Firmicutes"	"c__Negativicutes"	"o__Veillonellales"	"f__Veillonellaceae"	"g__Megasphaera"	"s__Megasphaera massiliensis"
"txid187326"	"k__Bacteria"	"p__Firmicutes"	"c__Negativicutes"	"o__Veillonellales"	"f__Veillonellaceae"	"g__Megasphaera"	"s__Megasphaera micronuciformis"
"txid349095"	"k__Bacteria"	"p__Firmicutes"	"c__Negativicutes"	"o__Veillonellales"	"f__Veillonellaceae"	"g__Megasphaera"	"s__Megasphaera paucivorans"
"txid2144175"	"k__Bacteria"	"p__Firmicutes"	"c__Negativicutes"	"o__Veillonellales"	"f__Veillonellaceae"	"g__Megasphaera"	"s__Megasphaera stantonii"
"txid1111454"	"k__Bacteria"	"p__Firmicutes"	"c__Negativicutes"	"o__Veillonellales"	"f__Veillonellaceae"	"g__Megasphaera"	"s__Megasphaera vaginalis"
"txid2045301"	"k__Bacteria"	"p__Firmicutes"	"c__Negativicutes"	"o__Veillonellales"	"f__Veillonellaceae"	"g__Megasphaera"	"s__Megasphaera vaginalis Bordigoni et al. 2020"
"txid423477"	"k__Bacteria"	"p__Firmicutes"	"c__Negativicutes"	"o__Veillonellales"	"f__Veillonellaceae"	"g__Veillonella"	"s__Veillonella rogosae"
"txid850"	"k__Bacteria"	"p__Fusobacteria"	"c__Fusobacteriia"	"o__Fusobacteriales"	"f__Fusobacteriaceae"	"g__Fusobacterium"	"s__Fusobacterium mortiferum"
"txid1852381"	"k__Bacteria"	"p__Proteobacteria"	"c__Betaproteobacteria"	"o__Burkholderiales"	"f__Sutterellaceae"	"g__Duodenibacillus"	"s__Duodenibacillus massiliensis"
"txid2584944"	"k__Bacteria"	"p__Proteobacteria"	"c__Betaproteobacteria"	"o__Burkholderiales"	"f__Sutterellaceae"	"g__Sutterella"	"s__Sutterella faecalis"
"txid1944635"	"k__Bacteria"	"p__Proteobacteria"	"c__Betaproteobacteria"	"o__Burkholderiales"	"f__Sutterellaceae"	"g__Sutterella"	"s__Sutterella seckii"
"txid40545"	"k__Bacteria"	"p__Proteobacteria"	"c__Betaproteobacteria"	"o__Burkholderiales"	"f__Sutterellaceae"	"g__Sutterella"	"s__Sutterella wadsworthensis"
"txid179995"	"k__Bacteria"	"p__Proteobacteria"	"c__Gammaproteobacteria"	"o__Aeromonadales"	"f__Succinivibrionaceae"	"g__Anaerobiospirillum"	"s__Anaerobiospirillum thomasii"
"txid762983"	"k__Bacteria"	"p__Proteobacteria"	"c__Gammaproteobacteria"	"o__Aeromonadales"	"f__Succinivibrionaceae"	"g__Succinatimonas"	"s__Succinatimonas hippei"
"txid565"	"k__Bacteria"	"p__Proteobacteria"	"c__Gammaproteobacteria"	"o__Enterobacterales"	"f__Enterobacteriaceae"	"g__Atlantibacter"	"s__Atlantibacter hermannii"
"txid208962"	"k__Bacteria"	"p__Proteobacteria"	"c__Gammaproteobacteria"	"o__Enterobacterales"	"f__Enterobacteriaceae"	"g__Escherichia"	"s__Escherichia albertii"
"txid562"	"k__Bacteria"	"p__Proteobacteria"	"c__Gammaproteobacteria"	"o__Enterobacterales"	"f__Enterobacteriaceae"	"g__Escherichia"	"s__Escherichia coli"
"txid585054"	"k__Bacteria"	"p__Proteobacteria"	"c__Gammaproteobacteria"	"o__Enterobacterales"	"f__Enterobacteriaceae"	"g__Escherichia"	"s__Escherichia fergusonii"
"txid1499973"	"k__Bacteria"	"p__Proteobacteria"	"c__Gammaproteobacteria"	"o__Enterobacterales"	"f__Enterobacteriaceae"	"g__Escherichia"	"s__Escherichia marmotae"
"txid90370"	"k__Bacteria"	"p__Proteobacteria"	"c__Gammaproteobacteria"	"o__Enterobacterales"	"f__Enterobacteriaceae"	"g__Salmonella"	"s__Salmonella enterica"
"txid621"	"k__Bacteria"	"p__Proteobacteria"	"c__Gammaproteobacteria"	"o__Enterobacterales"	"f__Enterobacteriaceae"	"g__Shigella"	"s__Shigella boydii"
"txid622"	"k__Bacteria"	"p__Proteobacteria"	"c__Gammaproteobacteria"	"o__Enterobacterales"	"f__Enterobacteriaceae"	"g__Shigella"	"s__Shigella dysenteriae"
"txid623"	"k__Bacteria"	"p__Proteobacteria"	"c__Gammaproteobacteria"	"o__Enterobacterales"	"f__Enterobacteriaceae"	"g__Shigella"	"s__Shigella flexneri"
"txid624"	"k__Bacteria"	"p__Proteobacteria"	"c__Gammaproteobacteria"	"o__Enterobacterales"	"f__Enterobacteriaceae"	"g__Shigella"	"s__Shigella sonnei"
"txid584"	"k__Bacteria"	"p__Proteobacteria"	"c__Gammaproteobacteria"	"o__Enterobacterales"	"f__Morganellaceae"	"g__Proteus"	"s__Proteus mirabilis"
"txid985008"	"k__Bacteria"	"p__Proteobacteria"	"c__Gammaproteobacteria"	"o__Pasteurellales"	"f__Pasteurellaceae"	"g__Aggregatibacter"	"s__Aggregatibacter aphrophilus"
"txid733"	"k__Bacteria"	"p__Proteobacteria"	"c__Gammaproteobacteria"	"o__Pasteurellales"	"f__Pasteurellaceae"	"g__Canicola"	"s__Canicola haemoglobinophilus"
"txid2153"	"k__Bacteria"	"p__Tenericutes"	"c__Mollicutes"	"o__Anaeroplasmatales"	"f__Anaeroplasmataceae"	"g__Asteroleplasma"	"s__Asteroleplasma anaerobium"
