"Taxa"	"buddy11"	"buddy16"	"buddy44"	"buddy46"	"buddy48"	"buddy50"	"buddy56"	"buddy57"
"k__Bacteria|p__Proteobacteria|c__Gammaproteobacteria|o__Aeromonadales|f__Succinivibrionaceae|g__Anaerobiospirillum|s__Anaerobiospirillum thomasii"	0.0188571428571429	0.000428571428571429	0.329571428571429	0.299428571428571	0.606571428571429	0.193142857142857	0.197285714285714	0.350285714285714
"k__Bacteria|p__Firmicutes|c__Negativicutes|o__Acidaminococcales|f__Acidaminococcaceae|g__Phascolarctobacterium|s__Phascolarctobacterium wakonense"	0.148714285714286	0.0267142857142857	0.215428571428571	0.134285714285714	0.101285714285714	0.211857142857143	0.065	0.208428571428571
"k__Bacteria|p__Firmicutes|c__Negativicutes|o__Selenomonadales|f__Selenomonadaceae|g__Megamonas|s__Megamonas funiformis"	0.198285714285714	0.006	0.0758571428571429	0.0455714285714286	0.052	0.0397142857142857	0.0801428571428571	0.107142857142857
"k__Bacteria|p__Proteobacteria|c__Gammaproteobacteria|o__Enterobacterales|f__Enterobacteriaceae|g__Shigella|s__Shigella dysenteriae"	0.000428571428571429	0.00185714285714286	0	0	0	0.234285714285714	0.287142857142857	0
"k__Bacteria|p__Bacteroidota|c__Bacteroidia|o__Bacteroidales|f__Prevotellaceae|g__Prevotella|s__Prevotella copri"	0.132285714285714	0.0667142857142857	0.0462857142857143	0.138285714285714	0.0428571428571429	0.0305714285714286	0.00757142857142857	0.0502857142857143
"k__Bacteria|p__Proteobacteria|c__Gammaproteobacteria|o__Enterobacterales|f__Enterobacteriaceae|g__Shigella|s__Shigella flexneri"	0.103285714285714	0.135571428571429	0	0	0	0.0208571428571429	0.0365714285714286	0
"k__Bacteria|p__Fusobacteria|c__Fusobacteriia|o__Fusobacteriales|f__Fusobacteriaceae|g__Fusobacterium|s__Fusobacterium varium"	0.00457142857142857	0.226714285714286	0.0105714285714286	0.00257142857142857	0.00628571428571429	0.005	0.00214285714285714	0.00642857142857143
"k__Bacteria|p__Firmicutes|c__Negativicutes|o__Selenomonadales|f__Selenomonadaceae|g__Megamonas|s__Megamonas hypermegale"	0.0148571428571429	0.000142857142857143	0.0255714285714286	0.0358571428571429	0.0388571428571429	0.0287142857142857	0.0594285714285714	0.0275714285714286
"k__Bacteria|p__Proteobacteria|c__Gammaproteobacteria|o__Enterobacterales|f__Enterobacteriaceae|g__Escherichia|s__Escherichia fergusonii"	0.0658571428571429	0.069	0	0	0	0.01	0.0225714285714286	0.000285714285714286
"k__Bacteria|p__Bacteroidota|c__Bacteroidia|o__Bacteroidales|f__Bacteroidaceae|g__Phocaeicola|s__Phocaeicola vulgatus"	0.0127142857142857	0.0817142857142857	0.0332857142857143	0.0102857142857143	0.00171428571428571	0.01	0.00257142857142857	0.00671428571428571
"k__Bacteria|p__Firmicutes|c__Negativicutes|o__Veillonellales|f__Veillonellaceae|g__Megasphaera|s__Megasphaera elsdenii"	0.0431428571428571	0.00485714285714286	0.0202857142857143	0.0127142857142857	0.012	0.0138571428571429	0.0171428571428571	0.0214285714285714
"k__Bacteria|p__Bacteroidota|c__Bacteroidia|o__Bacteroidales|f__Prevotellaceae|g__Prevotellamassilia|s__Prevotellamassilia timonensis"	0.0161428571428571	0.000714285714285714	0.02	0.0408571428571429	0.00471428571428571	0.00557142857142857	0.00885714285714286	0.0225714285714286
"k__Bacteria|p__Firmicutes|c__Negativicutes|o__Veillonellales|f__Veillonellaceae|g__Megasphaera|s__Megasphaera indica"	0.0277142857142857	0	0.02	0.0114285714285714	0.00971428571428571	0.011	0.0144285714285714	0.0221428571428571
"k__Bacteria|p__Bacteroidota|c__Bacteroidia|o__Bacteroidales|f__Bacteroidaceae|g__Phocaeicola|s__Phocaeicola sartorii"	0.00157142857142857	0.00157142857142857	0.0191428571428571	0.0345714285714286	0.00585714285714286	0.00114285714285714	0.00771428571428571	0.0125714285714286
"k__Bacteria|p__Firmicutes|c__Clostridia|o__Eubacteriales|f__Lachnospiraceae|g__Oribacterium|s__Oribacterium parvum"	0.00914285714285714	0.002	0.0145714285714286	0.00971428571428571	0.008	0.0138571428571429	0.0107142857142857	0.0158571428571429
"k__Bacteria|p__Proteobacteria|c__Betaproteobacteria|o__Burkholderiales|f__Sutterellaceae|g__Sutterella|s__Sutterella seckii"	0.0132857142857143	0.00928571428571429	0.00428571428571429	0.0138571428571429	0.0138571428571429	0.00771428571428571	0.00828571428571429	0.0122857142857143
"k__Bacteria|p__Firmicutes|c__Negativicutes|o__Veillonellales|f__Veillonellaceae|g__Megasphaera|s__Megasphaera massiliensis"	0.0281428571428571	0.00157142857142857	0.015	0.00471428571428571	0.00428571428571429	0.00557142857142857	0.00757142857142857	0.0142857142857143
"k__Bacteria|p__Fusobacteria|c__Fusobacteriia|o__Fusobacteriales|f__Fusobacteriaceae|g__Fusobacterium|s__Fusobacterium mortiferum"	0.00285714285714286	0.0668571428571429	0.003	0.000714285714285714	0.000857142857142857	0.00214285714285714	0	0.00214285714285714
"k__Bacteria|p__Bacteroidota|c__Bacteroidia|o__Bacteroidales|f__Tannerellaceae|g__Parabacteroides|s__Parabacteroides distasonis"	0.00114285714285714	0.0151428571428571	0.0107142857142857	0.021	0.00242857142857143	0.00728571428571429	0.005	0.00728571428571429
"k__Bacteria|p__Firmicutes|c__Clostridia|o__Eubacteriales|f__Lachnospiraceae|g__Oribacterium|s__Oribacterium sinus"	0.009	0.00157142857142857	0.0142857142857143	0.00971428571428571	0.00528571428571429	0.00914285714285714	0.00757142857142857	0.0117142857142857
"k__Bacteria|p__Bacteroidota|c__Bacteroidia|o__Bacteroidales|f__Bacteroidaceae|g__Bacteroides|s__Bacteroides uniformis"	0.00257142857142857	0.055	0.00542857142857143	0.000428571428571429	0.000142857142857143	0	0.000142857142857143	0.000142857142857143
"k__Bacteria|p__Firmicutes|c__Negativicutes|o__Veillonellales|f__Veillonellaceae|g__Megasphaera|s__Megasphaera paucivorans"	0.00742857142857143	0.003	0.00528571428571429	0.00842857142857143	0.00857142857142857	0.0104285714285714	0.0128571428571429	0.00428571428571429
"k__Bacteria|p__Proteobacteria|c__Gammaproteobacteria|o__Enterobacterales|f__Enterobacteriaceae|g__Shigella|s__Shigella sonnei"	0.001	0.001	0	0	0	0.0218571428571429	0.033	0.000142857142857143
"k__Bacteria|p__Firmicutes|c__Clostridia|o__Eubacteriales|f__Lachnospiraceae|g__Blautia|s__Blautia glucerasea"	0.004	0.000428571428571429	0.00714285714285714	0.00471428571428571	0.004	0.00571428571428571	0.0225714285714286	0.00257142857142857
"k__Bacteria|p__Bacteroidota|c__Bacteroidia|o__Bacteroidales|f__Tannerellaceae|g__Parabacteroides|s__Parabacteroides merdae"	0.00114285714285714	0.00828571428571429	0.00442857142857143	0.0128571428571429	0.00228571428571429	0.00357142857142857	0.00142857142857143	0.00628571428571429
"k__Bacteria|p__Bacteroidota|c__Bacteroidia|o__Bacteroidales|f__Prevotellaceae|g__Prevotella|s__Prevotella rara"	0.00142857142857143	0	0.00942857142857143	0.0148571428571429	0.003	0.00171428571428571	0.00357142857142857	0.00571428571428571
"k__Bacteria|p__Firmicutes|c__Clostridia|o__Eubacteriales|f__Lachnospiraceae|g__Wansuia|s__Wansuia hejianensis"	0.00657142857142857	0.00157142857142857	0.00571428571428571	0.00328571428571429	0.00285714285714286	0.00642857142857143	0.00314285714285714	0.00942857142857143
"k__Bacteria|p__Proteobacteria|c__Gammaproteobacteria|o__Aeromonadales|f__Succinivibrionaceae|g__Succinatimonas|s__Succinatimonas hippei"	0.000571428571428571	0.00114285714285714	0.00457142857142857	0.00471428571428571	0.00614285714285714	0.002	0.00814285714285714	0.0117142857142857
"k__Bacteria|p__Proteobacteria|c__Betaproteobacteria|o__Burkholderiales|f__Sutterellaceae|g__Duodenibacillus|s__Duodenibacillus massiliensis"	0.00242857142857143	0.0191428571428571	0.00242857142857143	0.003	0.00257142857142857	0.00185714285714286	0.00171428571428571	0.003
"k__Bacteria|p__Proteobacteria|c__Gammaproteobacteria|o__Aeromonadales|f__Succinivibrionaceae|g__Succinivibrio|s__Succinivibrio dextrinosolvens"	0.000142857142857143	0.000142857142857143	0.00228571428571429	0.007	0.00971428571428571	0.00271428571428571	0.00942857142857143	0.00371428571428571
"k__Bacteria|p__Firmicutes|c__Negativicutes|o__Selenomonadales|f__Selenomonadaceae|g__Megamonas|s__Megamonas rupellensis"	0.0111428571428571	0.00242857142857143	0.00171428571428571	0.00485714285714286	0.00314285714285714	0.004	0.00557142857142857	0.00171428571428571
"k__Bacteria|p__Bacteroidota|c__Bacteroidia|o__Bacteroidales|f__Bacteroidaceae|g__Bacteroides|s__Bacteroides stercoris"	0.000857142857142857	0.0285714285714286	0.00214285714285714	0.000714285714285714	0.000285714285714286	0.00128571428571429	0	0.000142857142857143
"k__Bacteria|p__Firmicutes|c__Negativicutes|o__Veillonellales|f__Veillonellaceae|g__Megasphaera|s__Megasphaera stantonii"	0.00928571428571429	0.000571428571428571	0.00542857142857143	0.00357142857142857	0.003	0.004	0.00314285714285714	0.00442857142857143
"k__Bacteria|p__Proteobacteria|c__Gammaproteobacteria|o__Enterobacterales|f__Enterobacteriaceae|g__Escherichia|s__Escherichia marmotae"	0.0127142857142857	0.0154285714285714	0	0	0	0.000428571428571429	0.000285714285714286	0
"k__Bacteria|p__Firmicutes|c__Clostridia|o__Eubacteriales|f__Clostridiaceae|g__Clostridium|s__Clostridium porci"	0.00685714285714286	0.000857142857142857	0.00585714285714286	0.00285714285714286	0.00242857142857143	0.003	0.00171428571428571	0.00428571428571429
"k__Bacteria|p__Actinobacteria|c__Coriobacteriia|o__Coriobacteriales|f__Coriobacteriaceae|g__Collinsella|s__Collinsella intestinalis"	0.000714285714285714	0	0.004	0.00371428571428571	0.000142857142857143	0.0157142857142857	0.000714285714285714	0.00214285714285714
"k__Bacteria|p__Proteobacteria|c__Gammaproteobacteria|o__Enterobacterales|f__Enterobacteriaceae|g__Shigella|s__Shigella boydii"	0.0187142857142857	0.00714285714285714	0	0	0	0	0.000857142857142857	0
"k__Bacteria|p__Bacteroidota|c__Bacteroidia|o__Bacteroidales|f__Bacteroidaceae|g__Bacteroides|s__Bacteroides mediterraneensis"	0.000571428571428571	0.00114285714285714	0.00342857142857143	0.0121428571428571	0.000714285714285714	0.00114285714285714	0.00271428571428571	0.00271428571428571
"k__Bacteria|p__Bacteroidota|c__Bacteroidia|o__Bacteroidales|f__Prevotellaceae|g__Prevotella|s__Prevotella baroniae"	0.00257142857142857	0	0.00385714285714286	0.00942857142857143	0.000571428571428571	0.00114285714285714	0.00214285714285714	0.003
"k__Bacteria|p__Firmicutes|c__Clostridia|o__Eubacteriales|f__Lachnospiraceae|g__Mediterraneibacter|s__Ruminococcus gnavus"	0.0107142857142857	0.00957142857142857	0.000714285714285714	0.000142857142857143	0.000142857142857143	0.000142857142857143	0.000142857142857143	0.000428571428571429
"k__Bacteria|p__Bacteroidota|c__Bacteroidia|o__Bacteroidales|f__Bacteroidaceae|g__Phocaeicola|s__Phocaeicola dorei"	0.001	0.0117142857142857	0.000714285714285714	0.00342857142857143	0.000285714285714286	0.000571428571428571	0.000714285714285714	0.000714285714285714
"k__Bacteria|p__Actinobacteria|c__Coriobacteriia|o__Coriobacteriales|f__Coriobacteriaceae|g__Collinsella|s__Collinsella tanakaei"	0.00185714285714286	0	0.00385714285714286	0.00342857142857143	0.000142857142857143	0.00571428571428571	0.00128571428571429	0.00257142857142857
"k__Bacteria|p__Firmicutes|c__Clostridia|o__Eubacteriales|f__Lachnospiraceae|g__Enterocloster|s__Enterocloster bolteae"	0.00357142857142857	0.000285714285714286	0.00471428571428571	0.00214285714285714	0.00171428571428571	0.00128571428571429	0.00157142857142857	0.00342857142857143
"k__Bacteria|p__Firmicutes|c__Negativicutes|o__Veillonellales|f__Veillonellaceae|g__Allisonella|s__Allisonella histaminiformans"	0.00628571428571429	0	0.00157142857142857	0.000571428571428571	0.00142857142857143	0.00214285714285714	0.00157142857142857	0.00371428571428571
"k__Bacteria|p__Fusobacteria|c__Fusobacteriia|o__Fusobacteriales|f__Fusobacteriaceae|g__Fusobacterium|s__Fusobacterium perfoetens"	0.000285714285714286	0.0142857142857143	0.000285714285714286	0.000142857142857143	0.000142857142857143	0.002	0	0.000142857142857143
"k__Bacteria|p__Proteobacteria|c__Betaproteobacteria|o__Burkholderiales|f__Sutterellaceae|g__Sutterella|s__Sutterella faecalis"	0.00242857142857143	0.00371428571428571	0.000857142857142857	0.002	0.00157142857142857	0.00128571428571429	0.00114285714285714	0.00214285714285714
"k__Bacteria|p__Bacteroidota|c__Bacteroidia|o__Bacteroidales|f__Bacteroidaceae|g__Bacteroides|s__Bacteroides caccae"	0	0.0144285714285714	0.000142857142857143	0	0	0.000285714285714286	0	0
"k__Bacteria|p__Bacteroidota|c__Bacteroidia|o__Bacteroidales|f__Bacteroidaceae|g__Bacteroides|s__Bacteroides ovatus"	0.000142857142857143	0.0131428571428571	0.000285714285714286	0.000142857142857143	0	0.000142857142857143	0	0
"k__Bacteria|p__Proteobacteria|c__Gammaproteobacteria|o__Aeromonadales|f__Succinivibrionaceae|g__Anaerobiospirillum|s__Anaerobiospirillum succiniciproducens"	0.000142857142857143	0	0.00157142857142857	0.00328571428571429	0.00442857142857143	0.00128571428571429	0.00114285714285714	0.000571428571428571
"k__Bacteria|p__Firmicutes|c__Clostridia|o__Eubacteriales|f__Clostridiaceae|g__Clostridium|s__Clostridium massiliamazoniense"	0	0.00485714285714286	0	0	0.00371428571428571	0.000714285714285714	0	0.00314285714285714
"k__Bacteria|p__Bacteroidota|c__Bacteroidia|o__Bacteroidales|f__Bacteroidaceae|g__Bacteroides|s__Bacteroides thetaiotaomicron"	0.000285714285714286	0.011	0.000142857142857143	0	0	0	0	0
"k__Bacteria|p__Firmicutes|c__Clostridia|o__Eubacteriales|f__Lachnospiraceae|g__Oribacterium|s__Oribacterium asaccharolyticum"	0.001	0.000142857142857143	0.001	0.00271428571428571	0.001	0.00242857142857143	0.002	0.000857142857142857
"k__Bacteria|p__Firmicutes|c__Clostridia|o__Eubacteriales|f__Clostridiaceae|g__Clostridium|s__Clostridium fessum"	0.00171428571428571	0.004	0.00114285714285714	0.000571428571428571	0.000428571428571429	0.000142857142857143	0.000571428571428571	0.000285714285714286
"k__Bacteria|p__Bacteroidota|c__Bacteroidia|o__Bacteroidales|f__Prevotellaceae|g__Prevotella|s__Prevotella buccae"	0.000714285714285714	0	0.000571428571428571	0.00471428571428571	0.000571428571428571	0.000285714285714286	0.00114285714285714	0.000571428571428571
"k__Bacteria|p__Firmicutes|c__Clostridia|o__Eubacteriales|f__Lachnospiraceae|g__Lacrimispora|s__Lacrimispora celerecrescens"	0.00357142857142857	0.000142857142857143	0.00285714285714286	0.000428571428571429	0.000571428571428571	0.000285714285714286	0	0.000714285714285714
"k__Bacteria|p__Actinobacteria|c__Coriobacteriia|o__Coriobacteriales|f__Coriobacteriaceae|g__Collinsella|s__Collinsella vaginalis"	0.001	0.000142857142857143	0.00185714285714286	0.00142857142857143	0	0.002	0.000142857142857143	0.00185714285714286
"k__Bacteria|p__Bacteroidota|c__Bacteroidia|o__Bacteroidales|f__Prevotellaceae|g__Prevotella|s__Prevotella herbatica"	0	0	0.001	0.00428571428571429	0.000285714285714286	0.000428571428571429	0.00128571428571429	0.000285714285714286
"k__Bacteria|p__Firmicutes|c__Negativicutes|o__Veillonellales|f__Veillonellaceae|g__Megasphaera|s__Megasphaera vaginalis Bordigoni et al. 2020"	0.000714285714285714	0	0.000142857142857143	0.00142857142857143	0.00128571428571429	0.00185714285714286	0.002	0.000142857142857143
"k__Bacteria|p__Firmicutes|c__Clostridia|o__Eubacteriales|f__Lachnospiraceae|g__Bilifractor|s__Bilifractor porci"	0.000571428571428571	0	0.001	0.00142857142857143	0.000571428571428571	0.00171428571428571	0.000857142857142857	0.000857142857142857
"k__Bacteria|p__Bacteroidota|c__Bacteroidia|o__Bacteroidales|f__Bacteroidaceae|g__Phocaeicola|s__Phocaeicola barnesiae"	0.000142857142857143	0.000142857142857143	0.000857142857142857	0.00314285714285714	0.000428571428571429	0.000142857142857143	0.00171428571428571	0.000285714285714286
"k__Bacteria|p__Firmicutes|c__Clostridia|o__Eubacteriales|f__Clostridiaceae|g__Butyricicoccus|s__Butyricicoccus pullicaecorum"	0.003	0.00185714285714286	0.00114285714285714	0.000142857142857143	0.000142857142857143	0.000428571428571429	0	0.000142857142857143
"k__Bacteria|p__Bacteroidota|c__Bacteroidia|o__Bacteroidales|f__Prevotellaceae|g__Prevotella|s__Prevotella oris"	0.000285714285714286	0	0.00128571428571429	0.00314285714285714	0.000285714285714286	0.000142857142857143	0.000571428571428571	0.000571428571428571
"k__Bacteria|p__Bacteroidota|c__Bacteroidia|o__Bacteroidales|f__Bacteroidaceae|g__Bacteroides|s__Bacteroides koreensis"	0.000142857142857143	0.00557142857142857	0	0.000142857142857143	0.000142857142857143	0.000142857142857143	0	0
"k__Bacteria|p__Firmicutes|c__Clostridia|o__Eubacteriales|f__Lachnospiraceae|g__Lachnoclostridium|s__Lachnoclostridium urinimassiliense"	0.00171428571428571	0.000142857142857143	0.00128571428571429	0.000428571428571429	0.000714285714285714	0.000285714285714286	0.000428571428571429	0.000571428571428571
"k__Bacteria|p__Firmicutes|c__Negativicutes|o__Veillonellales|f__Veillonellaceae|g__Megasphaera|s__Megasphaera micronuciformis"	0.001	0.001	0.000714285714285714	0.000714285714285714	0.000857142857142857	0.000428571428571429	0.000428571428571429	0.000285714285714286
"k__Bacteria|p__Firmicutes|c__Clostridia|o__Eubacteriales|f__Clostridiaceae|g__Clostridium|s__Clostridium baratii"	0	0.00342857142857143	0	0	0.000571428571428571	0	0	0.00128571428571429
"k__Bacteria|p__Firmicutes|c__Clostridia|o__Eubacteriales|f__Clostridiaceae|g__Clostridium|s__Clostridium perfringens"	0.000428571428571429	0.00185714285714286	0	0	0.00214285714285714	0	0	0.000571428571428571
"k__Bacteria|p__Bacteroidota|c__Bacteroidia|o__Bacteroidales|f__Prevotellaceae|g__Paraprevotella|s__Paraprevotella clara"	0.000285714285714286	0.00228571428571429	0.00114285714285714	0.000571428571428571	0	0	0	0.000142857142857143
"k__Bacteria|p__Firmicutes|c__Clostridia|o__Eubacteriales|f__Oscillospiraceae|g__Flavonifractor|s__Flavonifractor plautii"	0.001	0.000285714285714286	0.000714285714285714	0.000571428571428571	0.000571428571428571	0.000857142857142857	0	0.000428571428571429
"k__Bacteria|p__Bacteroidota|c__Bacteroidia|o__Bacteroidales|f__Prevotellaceae|g__Prevotella|s__Prevotella maculosa"	0.000142857142857143	0	0.000285714285714286	0.00242857142857143	0.000142857142857143	0.000428571428571429	0.000571428571428571	0.000285714285714286
"k__Bacteria|p__Firmicutes|c__Clostridia|o__Eubacteriales|f__Lachnospiraceae|g__Lacrimispora|s__Lacrimispora sphenoides"	0.00114285714285714	0.001	0.000285714285714286	0.000428571428571429	0.000285714285714286	0.000285714285714286	0.000142857142857143	0.000571428571428571
"k__Bacteria|p__Bacteroidota|c__Bacteroidia|o__Bacteroidales|f__Prevotellaceae|g__Prevotella|s__Prevotella oryzae"	0	0	0.000285714285714286	0.00171428571428571	0.000142857142857143	0.000142857142857143	0.00114285714285714	0.000142857142857143
"k__Bacteria|p__Firmicutes|c__Clostridia|o__Eubacteriales|f__Lachnospiraceae|g__Porcincola|s__Porcincola intestinalis"	0.000428571428571429	0.000142857142857143	0.000428571428571429	0.000714285714285714	0.000428571428571429	0.000714285714285714	0.000571428571428571	0.000142857142857143
"k__Bacteria|p__Bacteroidota|c__Bacteroidia|o__Bacteroidales|f__Bacteroidaceae|g__Bacteroides|s__Bacteroides xylanisolvens"	0	0.00271428571428571	0.000285714285714286	0.000142857142857143	0.000142857142857143	0.000142857142857143	0	0
"k__Bacteria|p__Bacteroidota|c__Bacteroidia|o__Bacteroidales|f__Muribaculaceae|g__Paramuribaculum|s__Paramuribaculum intestinale"	0.000142857142857143	0.000142857142857143	0.000142857142857143	0.00185714285714286	0.000285714285714286	0.000428571428571429	0	0.000285714285714286
"k__Bacteria|p__Firmicutes|c__Clostridia|o__Eubacteriales|f__Oscillospiraceae|g__Anaeromassilibacillus|s__Anaeromassilibacillus senegalensis"	0.000285714285714286	0	0.000857142857142857	0.000142857142857143	0.000142857142857143	0.00171428571428571	0.000142857142857143	0
"k__Bacteria|p__Bacteroidota|c__Bacteroidia|o__Bacteroidales|f__Bacteroidaceae|g__Phocaeicola|s__Phocaeicola plebeius"	0	0.000714285714285714	0.000714285714285714	0.001	0	0.000285714285714286	0.000142857142857143	0.000142857142857143
"k__Bacteria|p__Firmicutes|c__Clostridia|o__Eubacteriales|f__Lachnospiraceae|g__Hominisplanchenecus|s__Hominisplanchenecus faecis"	0.000142857142857143	0.000285714285714286	0.000285714285714286	0.000428571428571429	0.000428571428571429	0.00114285714285714	0.000142857142857143	0.000142857142857143
"k__Bacteria|p__Bacteroidota|c__Bacteroidia|o__Bacteroidales|f__Bacteroidaceae|g__Bacteroides|s__Bacteroides gallinaceum"	0	0	0.000571428571428571	0.001	0	0.000285714285714286	0.000571428571428571	0.000285714285714286
"k__Bacteria|p__Bacteroidota|c__Bacteroidia|o__Bacteroidales|f__Bacteroidaceae|g__Caecibacteroides|s__Caecibacteroides pullorum"	0	0.000142857142857143	0.000428571428571429	0.00142857142857143	0	0.000142857142857143	0.000285714285714286	0.000285714285714286
"k__Bacteria|p__Firmicutes|c__Clostridia|o__Eubacteriales|f__Oscillospiraceae|g__|s__Clostridium leptum"	0.000142857142857143	0	0.001	0.000142857142857143	0	0.001	0.000285714285714286	0
"k__Bacteria|p__Firmicutes|c__Clostridia|o__Eubacteriales|f__Lachnospiraceae|g__Blautia|s__Blautia hominis"	0.000857142857142857	0	0.000142857142857143	0.000142857142857143	0.000285714285714286	0.000571428571428571	0.000428571428571429	0.000142857142857143
"k__Bacteria|p__Firmicutes|c__Clostridia|o__Eubacteriales|f__Lachnospiraceae|g__Faecalicatena|s__Faecalicatena absiana"	0.000285714285714286	0.000142857142857143	0.000142857142857143	0.000142857142857143	0.000142857142857143	0.000714285714285714	0.000714285714285714	0.000142857142857143
"k__Bacteria|p__Actinobacteria|c__Actinomycetia|o__Bifidobacteriales|f__Bifidobacteriaceae|g__Bifidobacterium|s__Bifidobacterium aesculapii"	0	0.00242857142857143	0	0	0	0	0	0
"k__Bacteria|p__Bacteroidota|c__Bacteroidia|o__Bacteroidales|f__Prevotellaceae|g__Prevotella|s__Prevotella marseillensis"	0.000142857142857143	0	0.000428571428571429	0.000857142857142857	0.000142857142857143	0.000285714285714286	0.000285714285714286	0.000142857142857143
"k__Bacteria|p__Bacteroidota|c__Bacteroidia|o__Bacteroidales|f__Bacteroidaceae|g__Bacteroides|s__Bacteroides eggerthii"	0.000142857142857143	0.00185714285714286	0.000142857142857143	0	0	0	0	0
"k__Bacteria|p__Bacteroidota|c__Bacteroidia|o__Bacteroidales|f__Muribaculaceae|g__Duncaniella|s__Duncaniella freteri"	0	0.000142857142857143	0.000285714285714286	0.00114285714285714	0.000285714285714286	0	0	0.000285714285714286
"k__Bacteria|p__Bacteroidota|c__Bacteroidia|o__Bacteroidales|f__Prevotellaceae|g__Prevotella|s__Prevotella loescheii"	0	0	0.000428571428571429	0.000714285714285714	0.000142857142857143	0.000285714285714286	0.000428571428571429	0.000142857142857143
"k__Bacteria|p__Firmicutes|c__Clostridia|o__Eubacteriales|f__Lachnospiraceae|g__Lacrimispora|s__Lacrimispora indolis"	0.000285714285714286	0.000428571428571429	0.000142857142857143	0.000428571428571429	0.000285714285714286	0.000142857142857143	0.000285714285714286	0.000142857142857143
"k__Bacteria|p__Firmicutes|c__Clostridia|o__Eubacteriales|f__Peptococcaceae|g__Peptococcus|s__Peptococcus niger"	0.000285714285714286	0	0.000428571428571429	0.000285714285714286	0.000142857142857143	0.000142857142857143	0	0.000857142857142857
"k__Bacteria|p__Firmicutes|c__Bacilli|o__Lactobacillales|f__Streptococcaceae|g__Streptococcus|s__Streptococcus oricebi"	0	0.000142857142857143	0	0	0.000142857142857143	0.00171428571428571	0	0
"k__Bacteria|p__Firmicutes|c__Clostridia|o__Eubacteriales|f__Lachnospiraceae|g__Marvinbryantia|s__Marvinbryantia formatexigens"	0.000142857142857143	0	0.000285714285714286	0.000428571428571429	0.000285714285714286	0.000285714285714286	0.000428571428571429	0.000142857142857143
"k__Bacteria|p__Firmicutes|c__Clostridia|o__Eubacteriales|f__Lachnospiraceae|g__Waltera|s__Waltera intestinalis"	0.000142857142857143	0.000142857142857143	0.000428571428571429	0.000428571428571429	0.000142857142857143	0.000285714285714286	0	0.000428571428571429
"k__Bacteria|p__Bacteroidota|c__Bacteroidia|o__Bacteroidales|f__Muribaculaceae|g__Duncaniella|s__Duncaniella dubosii"	0.000142857142857143	0.000142857142857143	0.000428571428571429	0.000571428571428571	0.000142857142857143	0	0.000142857142857143	0.000285714285714286
"k__Bacteria|p__Firmicutes|c__Clostridia|o__Eubacteriales|f__Lachnospiraceae|g__Butyrivibrio|s__Butyrivibrio fibrisolvens"	0.000142857142857143	0	0.000142857142857143	0.000428571428571429	0.000285714285714286	0.000571428571428571	0.000142857142857143	0.000142857142857143
"k__Bacteria|p__Firmicutes|c__Bacilli|o__Lactobacillales|f__Streptococcaceae|g__Streptococcus|s__Streptococcus pasteurianus"	0.000571428571428571	0.00128571428571429	0	0	0	0	0	0
"k__Bacteria|p__Bacteroidota|c__Bacteroidia|o__Bacteroidales|f__Prevotellaceae|g__Alloprevotella|s__Alloprevotella tannerae"	0.000142857142857143	0	0	0.000714285714285714	0.000142857142857143	0	0.000571428571428571	0.000142857142857143
"k__Bacteria|p__Bacteroidota|c__Bacteroidia|o__Bacteroidales|f__Prevotellaceae|g__Prevotella|s__Prevotella hominis"	0.000142857142857143	0.001	0	0.000428571428571429	0	0	0	0.000142857142857143
"k__Bacteria|p__Bacteroidota|c__Bacteroidia|o__Bacteroidales|f__Prevotellaceae|g__Prevotella|s__Prevotella koreensis"	0	0	0.000142857142857143	0.000714285714285714	0	0.000142857142857143	0.000571428571428571	0.000142857142857143
"k__Bacteria|p__Firmicutes|c__Clostridia|o__Eubacteriales|f__Lachnospiraceae|g__Enterocloster|s__Enterocloster clostridioformis"	0.000285714285714286	0	0.000285714285714286	0.000142857142857143	0.000142857142857143	0.000428571428571429	0.000285714285714286	0.000142857142857143
"k__Bacteria|p__Firmicutes|c__Clostridia|o__Eubacteriales|f__Lachnospiraceae|g__Kineothrix|s__Kineothrix alysoides"	0.000142857142857143	0	0.000428571428571429	0.000285714285714286	0.000142857142857143	0.000285714285714286	0.000142857142857143	0.000285714285714286
"k__Bacteria|p__Firmicutes|c__Clostridia|o__Eubacteriales|f__Lachnospiraceae|g__Lacrimispora|s__Lacrimispora amygdalina"	0.000428571428571429	0.000142857142857143	0	0.000142857142857143	0.000285714285714286	0.000142857142857143	0.000285714285714286	0.000285714285714286
"k__Bacteria|p__Firmicutes|c__Clostridia|o__Eubacteriales|f__Lachnospiraceae|g__Butyrivibrio|s__Butyrivibrio crossotus"	0	0.000428571428571429	0.000142857142857143	0.000285714285714286	0.000142857142857143	0.000285714285714286	0.000428571428571429	0
"k__Bacteria|p__Firmicutes|c__Negativicutes|o__Veillonellales|f__Veillonellaceae|g__Colibacter|s__Colibacter massiliensis"	0.000142857142857143	0.000142857142857143	0.000142857142857143	0.000428571428571429	0.000142857142857143	0.000142857142857143	0.000428571428571429	0
"k__Bacteria|p__Bacteroidota|c__Bacteroidia|o__Bacteroidales|f__Barnesiellaceae|g__Barnesiella|s__Barnesiella intestinihominis"	0.000142857142857143	0.000428571428571429	0.000571428571428571	0.000285714285714286	0	0	0	0
"k__Bacteria|p__Bacteroidota|c__Bacteroidia|o__Bacteroidales|f__Muribaculaceae|g__Sodaliphilus|s__Sodaliphilus pleomorphus"	0	0	0.000285714285714286	0.000857142857142857	0.000142857142857143	0.000142857142857143	0	0
"k__Bacteria|p__Firmicutes|c__Clostridia|o__Eubacteriales|f__Lachnospiraceae|g__Lachnoclostridium|s__Lachnoclostridium edouardi"	0.000428571428571429	0	0.000142857142857143	0.000142857142857143	0.000142857142857143	0	0.000571428571428571	0
"k__Bacteria|p__Firmicutes|c__Bacilli|o__Lactobacillales|f__Aerococcaceae|g__Abiotrophia|s__Abiotrophia defectiva"	0.000142857142857143	0	0	0	0.000142857142857143	0.000857142857142857	0.000142857142857143	0
"k__Bacteria|p__Firmicutes|c__Clostridia|o__Eubacteriales|f__Lachnospiraceae|g__Butyrivibrio|s__Butyrivibrio hungatei"	0	0	0.000428571428571429	0.000285714285714286	0.000142857142857143	0.000142857142857143	0.000142857142857143	0.000142857142857143
"k__Bacteria|p__Bacteroidota|c__Bacteroidia|o__Bacteroidales|f__Prevotellaceae|g__Marseilla|s__Marseilla massiliensis"	0	0	0	0.000857142857142857	0.000142857142857143	0	0.000285714285714286	0
"k__Bacteria|p__Proteobacteria|c__Gammaproteobacteria|o__Enterobacterales|f__Enterobacteriaceae|g__Escherichia|s__Escherichia albertii"	0.000285714285714286	0.000857142857142857	0	0	0	0	0.000142857142857143	0
"k__Bacteria|p__Actinobacteria|c__Actinomycetia|o__Bifidobacteriales|f__Bifidobacteriaceae|g__Bifidobacterium|s__Bifidobacterium pullorum"	0	0.00128571428571429	0	0	0	0	0	0
"k__Bacteria|p__Actinobacteria|c__Coriobacteriia|o__Coriobacteriales|f__Atopobiaceae|g__Parolsenella|s__Parolsenella catena"	0.000142857142857143	0	0.000285714285714286	0.000285714285714286	0	0.000285714285714286	0	0.000142857142857143
"k__Bacteria|p__Bacteroidota|c__Bacteroidia|o__Bacteroidales|f__Barnesiellaceae|g__Barnesiella|s__Barnesiella viscericola"	0	0	0.000142857142857143	0.000428571428571429	0	0.000285714285714286	0.000142857142857143	0.000142857142857143
"k__Bacteria|p__Firmicutes|c__Bacilli|o__Bacillales|f__|g__Gemella|s__Gemella parahaemolysans"	0.000142857142857143	0	0	0	0	0.000714285714285714	0	0.000285714285714286
"k__Bacteria|p__Firmicutes|c__Clostridia|o__Eubacteriales|f__Lachnospiraceae|g__Blautia|s__Blautia pseudococcoides"	0.000142857142857143	0.000428571428571429	0	0.000285714285714286	0.000142857142857143	0	0.000142857142857143	0
"k__Bacteria|p__Firmicutes|c__Clostridia|o__Eubacteriales|f__Lachnospiraceae|g__Faecalicatena|s__Faecalicatena contorta"	0.000142857142857143	0	0.000142857142857143	0.000142857142857143	0.000142857142857143	0.000142857142857143	0.000285714285714286	0.000142857142857143
"k__Bacteria|p__Firmicutes|c__Clostridia|o__Eubacteriales|f__Lachnospiraceae|g__Faecalicatena|s__Faecalicatena orotica"	0.000285714285714286	0	0	0.000142857142857143	0	0.000142857142857143	0.000571428571428571	0
"k__Bacteria|p__Bacteroidota|c__Bacteroidia|o__Bacteroidales|f__Bacteroidaceae|g__Bacteroides|s__Bacteroides luhongzhouii"	0	0.001	0	0	0	0	0	0
"k__Bacteria|p__Bacteroidota|c__Bacteroidia|o__Bacteroidales|f__Bacteroidaceae|g__Bacteroides|s__Bacteroides rodentium"	0	0.001	0	0	0	0	0	0
"k__Bacteria|p__Bacteroidota|c__Bacteroidia|o__Bacteroidales|f__Bacteroidaceae|g__Phocaeicola|s__Phocaeicola coprophilus"	0	0	0.000285714285714286	0.000428571428571429	0	0	0.000285714285714286	0
"k__Bacteria|p__Firmicutes|c__Bacilli|o__Lactobacillales|f__Carnobacteriaceae|g__Granulicatella|s__Granulicatella elegans"	0.000142857142857143	0	0	0	0	0.000571428571428571	0.000142857142857143	0.000142857142857143
"k__Bacteria|p__Firmicutes|c__Clostridia|o__Eubacteriales|f__Lachnospiraceae|g__Blautia|s__Blautia argi"	0.000428571428571429	0	0	0	0.000142857142857143	0.000142857142857143	0.000142857142857143	0.000142857142857143
"k__Bacteria|p__Actinobacteria|c__Actinomycetia|o__Bifidobacteriales|f__Bifidobacteriaceae|g__Bifidobacterium|s__Bifidobacterium callitrichos"	0	0.000857142857142857	0	0	0	0	0	0
"k__Bacteria|p__Actinobacteria|c__Actinomycetia|o__Bifidobacteriales|f__Bifidobacteriaceae|g__Bifidobacterium|s__Bifidobacterium myosotis"	0	0.000857142857142857	0	0	0	0	0	0
"k__Bacteria|p__Actinobacteria|c__Coriobacteriia|o__Coriobacteriales|f__Atopobiaceae|g__Thermophilibacter|s__Thermophilibacter mediterraneus"	0.000142857142857143	0.000142857142857143	0.000142857142857143	0.000142857142857143	0	0.000142857142857143	0.000142857142857143	0
"k__Bacteria|p__Actinobacteria|c__Coriobacteriia|o__Coriobacteriales|f__Coriobacteriaceae|g__Collinsella|s__Collinsella provencensis"	0.000142857142857143	0	0.000285714285714286	0.000142857142857143	0	0.000142857142857143	0	0.000142857142857143
"k__Bacteria|p__Firmicutes|c__Clostridia|o__Eubacteriales|f__Clostridiaceae|g__Clostridium|s__Clostridium merdae"	0	0	0.000285714285714286	0	0	0.000571428571428571	0	0
"k__Bacteria|p__Firmicutes|c__Clostridia|o__Eubacteriales|f__Lachnospiraceae|g__Anaerocolumna|s__Anaerocolumna jejuensis"	0.000142857142857143	0	0.000142857142857143	0.000142857142857143	0	0.000142857142857143	0.000285714285714286	0
"k__Bacteria|p__Firmicutes|c__Clostridia|o__Eubacteriales|f__Lachnospiraceae|g__Lachnoclostridium|s__Lachnoclostridium pacaense"	0.000285714285714286	0	0	0.000142857142857143	0	0.000285714285714286	0.000142857142857143	0
"k__Bacteria|p__Firmicutes|c__Clostridia|o__Eubacteriales|f__Lachnospiraceae|g__Qiania|s__Qiania dongpingensis"	0.000142857142857143	0	0	0.000142857142857143	0.000142857142857143	0.000285714285714286	0.000142857142857143	0
"k__Bacteria|p__Firmicutes|c__Negativicutes|o__Veillonellales|f__Veillonellaceae|g__Megasphaera|s__Megasphaera vaginalis"	0.000285714285714286	0.000142857142857143	0.000142857142857143	0	0.000142857142857143	0.000142857142857143	0	0
"k__Bacteria|p__Bacteroidota|c__Bacteroidia|o__Bacteroidales|f__Prevotellaceae|g__Paraprevotella|s__Paraprevotella xylaniphila"	0	0	0	0.000714285714285714	0.000142857142857143	0	0	0
"k__Bacteria|p__Bacteroidota|c__Bacteroidia|o__Bacteroidales|f__Prevotellaceae|g__Prevotella|s__Prevotella illustrans"	0	0	0	0.000714285714285714	0	0	0.000142857142857143	0
"k__Bacteria|p__Firmicutes|c__Clostridia|o__Eubacteriales|f__Lachnospiraceae|g__Eisenbergiella|s__Eisenbergiella tayi"	0.000142857142857143	0	0.000428571428571429	0.000142857142857143	0	0	0.000142857142857143	0
"k__Bacteria|p__Proteobacteria|c__Gammaproteobacteria|o__Enterobacterales|f__Enterobacteriaceae|g__Escherichia|s__Escherichia coli"	0.000142857142857143	0.000428571428571429	0	0	0	0.000142857142857143	0.000142857142857143	0
"k__Bacteria|p__Actinobacteria|c__Actinomycetia|o__Bifidobacteriales|f__Bifidobacteriaceae|g__Bifidobacterium|s__Bifidobacterium reuteri"	0	0.000714285714285714	0	0	0	0	0	0
"k__Bacteria|p__Actinobacteria|c__Actinomycetia|o__Bifidobacteriales|f__Bifidobacteriaceae|g__Bifidobacterium|s__Bifidobacterium rousetti"	0	0.000714285714285714	0	0	0	0	0	0
"k__Bacteria|p__Bacteroidota|c__Bacteroidia|o__Bacteroidales|f__Bacteroidaceae|g__Bacteroides|s__Bacteroides faecichinchillae"	0	0.000714285714285714	0	0	0	0	0	0
"k__Bacteria|p__Bacteroidota|c__Bacteroidia|o__Bacteroidales|f__Bacteroidaceae|g__Bacteroides|s__Bacteroides finegoldii"	0.000142857142857143	0.000571428571428571	0	0	0	0	0	0
"k__Bacteria|p__Bacteroidota|c__Bacteroidia|o__Bacteroidales|f__Bacteroidaceae|g__Bacteroides|s__Bacteroides humanifaecis"	0.000142857142857143	0	0.000142857142857143	0	0	0.000285714285714286	0.000142857142857143	0
"k__Bacteria|p__Bacteroidota|c__Bacteroidia|o__Bacteroidales|f__Muribaculaceae|g__Duncaniella|s__Duncaniella muris"	0	0	0.000285714285714286	0.000285714285714286	0	0	0.000142857142857143	0
"k__Bacteria|p__Bacteroidota|c__Bacteroidia|o__Bacteroidales|f__Prevotellaceae|g__Prevotella|s__Prevotella dentasini"	0	0	0	0.000571428571428571	0	0	0.000142857142857143	0
"k__Bacteria|p__Firmicutes|c__Clostridia|o__Eubacteriales|f__Clostridiaceae|g__Clostridium|s__Clostridium paraputrificum"	0	0.000714285714285714	0	0	0	0	0	0
"k__Bacteria|p__Firmicutes|c__Clostridia|o__Eubacteriales|f__Lachnospiraceae|g__Blautia|s__Blautia producta"	0.000142857142857143	0.000142857142857143	0	0.000142857142857143	0.000142857142857143	0.000142857142857143	0	0
"k__Bacteria|p__Firmicutes|c__Clostridia|o__Eubacteriales|f__Lachnospiraceae|g__Blautia|s__Blautia schinkii"	0.000142857142857143	0	0	0	0	0	0.000571428571428571	0
"k__Bacteria|p__Firmicutes|c__Clostridia|o__Eubacteriales|f__Lachnospiraceae|g__Lacrimispora|s__Lacrimispora saccharolytica"	0	0.000285714285714286	0	0	0	0.000142857142857143	0.000285714285714286	0
"k__Bacteria|p__Bacteroidota|c__Bacteroidia|o__Bacteroidales|f__Bacteroidaceae|g__Phocaeicola|s__Phocaeicola coprocola"	0	0	0.000142857142857143	0.000428571428571429	0	0	0	0.000142857142857143
"k__Bacteria|p__Bacteroidota|c__Bacteroidia|o__Bacteroidales|f__Bacteroidaceae|g__Phocaeicola|s__Phocaeicola massiliensis"	0	0	0	0.000428571428571429	0	0	0.000285714285714286	0
"k__Bacteria|p__Bacteroidota|c__Bacteroidia|o__Bacteroidales|f__Muribaculaceae|g__Muribaculum|s__Muribaculum intestinale"	0	0.000142857142857143	0	0.000428571428571429	0.000142857142857143	0	0	0
"k__Bacteria|p__Bacteroidota|c__Bacteroidia|o__Bacteroidales|f__Prevotellaceae|g__Prevotella|s__Prevotella lascolaii"	0.000142857142857143	0	0.000142857142857143	0.000428571428571429	0	0	0	0
"k__Bacteria|p__Bacteroidota|c__Bacteroidia|o__Bacteroidales|f__Tannerellaceae|g__Parabacteroides|s__Parabacteroides johnsonii"	0	0	0	0.000285714285714286	0	0.000142857142857143	0.000285714285714286	0
"k__Bacteria|p__Firmicutes|c__Negativicutes|o__Veillonellales|f__Veillonellaceae|g__Caecibacter|s__Caecibacter massiliensis"	0	0	0	0.000285714285714286	0.000142857142857143	0.000142857142857143	0.000142857142857143	0
"k__Bacteria|p__Actinobacteria|c__Coriobacteriia|o__Coriobacteriales|f__Coriobacteriaceae|g__Collinsella|s__Collinsella stercoris"	0	0	0.000142857142857143	0.000285714285714286	0	0.000142857142857143	0	0
"k__Bacteria|p__Bacteroidota|c__Bacteroidia|o__Bacteroidales|f__Bacteroidaceae|g__Bacteroides|s__Bacteroides zhangwenhongii"	0.000142857142857143	0.000285714285714286	0	0	0	0	0.000142857142857143	0
"k__Bacteria|p__Bacteroidota|c__Bacteroidia|o__Bacteroidales|f__Prevotellaceae|g__Alloprevotella|s__Alloprevotella rava"	0	0	0.000142857142857143	0.000285714285714286	0	0.000142857142857143	0	0
"k__Bacteria|p__Bacteroidota|c__Bacteroidia|o__Bacteroidales|f__Prevotellaceae|g__Prevotella|s__Prevotella enoeca"	0	0	0.000142857142857143	0.000285714285714286	0.000142857142857143	0	0	0
"k__Bacteria|p__Firmicutes|c__Bacilli|o__Lactobacillales|f__Streptococcaceae|g__Streptococcus|s__Streptococcus koreensis"	0	0	0	0	0	0.000285714285714286	0.000142857142857143	0.000142857142857143
"k__Bacteria|p__Firmicutes|c__Bacilli|o__Lactobacillales|f__Streptococcaceae|g__Streptococcus|s__Streptococcus vulneris"	0	0	0.000142857142857143	0	0	0.000142857142857143	0.000142857142857143	0.000142857142857143
"k__Bacteria|p__Firmicutes|c__Clostridia|o__Eubacteriales|f__Clostridiaceae|g__Clostridium|s__Clostridium indicum"	0	0.000142857142857143	0.000142857142857143	0.000142857142857143	0	0.000142857142857143	0	0
"k__Bacteria|p__Firmicutes|c__Clostridia|o__Eubacteriales|f__Clostridiaceae|g__Hungatella|s__Hungatella effluvii"	0	0	0.000142857142857143	0.000142857142857143	0	0.000142857142857143	0.000142857142857143	0
"k__Bacteria|p__Firmicutes|c__Clostridia|o__Eubacteriales|f__Clostridiaceae|g__Hungatella|s__Hungatella xylanolytica"	0.000142857142857143	0	0.000142857142857143	0.000142857142857143	0.000142857142857143	0	0	0
"k__Bacteria|p__Firmicutes|c__Clostridia|o__Eubacteriales|f__Lachnospiraceae|g__Blautia|s__Blautia coccoides"	0	0	0	0.000142857142857143	0.000142857142857143	0.000142857142857143	0.000142857142857143	0
"k__Bacteria|p__Firmicutes|c__Clostridia|o__Eubacteriales|f__Oscillospiraceae|g__Pusillibacter|s__Pusillibacter faecalis"	0	0	0.000285714285714286	0	0	0.000142857142857143	0	0.000142857142857143
"k__Bacteria|p__Proteobacteria|c__Gammaproteobacteria|o__Pasteurellales|f__Pasteurellaceae|g__Aggregatibacter|s__Aggregatibacter aphrophilus"	0.000142857142857143	0	0	0.000142857142857143	0	0	0.000285714285714286	0
"k__Bacteria|p__Bacteroidota|c__Bacteroidia|o__Bacteroidales|f__Prevotellaceae|g__Prevotella|s__Prevotella shahii"	0	0	0	0.000428571428571429	0	0	0.000142857142857143	0
"k__Bacteria|p__Fusobacteria|c__Fusobacteriia|o__Fusobacteriales|f__Fusobacteriaceae|g__Fusobacterium|s__Fusobacterium ulcerans"	0	0.000571428571428571	0	0	0	0	0	0
"k__Bacteria|p__Proteobacteria|c__Gammaproteobacteria|o__Enterobacterales|f__Enterobacteriaceae|g__Salmonella|s__Salmonella enterica"	0.000142857142857143	0.000428571428571429	0	0	0	0	0	0
"k__Bacteria|p__Proteobacteria|c__Gammaproteobacteria|o__Pseudomonadales|f__Pseudomonadaceae|g__Pseudomonas|s__Pseudomonas fragi"	0	0.000571428571428571	0	0	0	0	0	0
"k__Bacteria|p__Bacteroidota|c__Bacteroidia|o__Bacteroidales|f__Prevotellaceae|g__Prevotella|s__Prevotella corporis"	0	0	0.000142857142857143	0.000285714285714286	0	0	0	0
"k__Bacteria|p__Bacteroidota|c__Bacteroidia|o__Bacteroidales|f__Tannerellaceae|g__Parabacteroides|s__Parabacteroides acidifaciens"	0	0.000428571428571429	0	0	0	0	0	0
"k__Bacteria|p__Firmicutes|c__Clostridia|o__Eubacteriales|f__Peptostreptococcaceae|g__Romboutsia|s__Romboutsia timonensis"	0	0.000428571428571429	0	0	0	0	0	0
"k__Bacteria|p__Bacteroidota|c__Bacteroidia|o__Bacteroidales|f__Bacteroidaceae|g__Phocaeicola|s__Phocaeicola faecicola"	0	0	0	0.000142857142857143	0.000142857142857143	0	0.000142857142857143	0
"k__Bacteria|p__Bacteroidota|c__Bacteroidia|o__Bacteroidales|f__Prevotellaceae|g__Prevotella|s__Prevotella marshii"	0	0	0	0.000285714285714286	0	0	0.000142857142857143	0
"k__Bacteria|p__Bacteroidota|c__Bacteroidia|o__Bacteroidales|f__Prevotellaceae|g__Prevotella|s__Prevotella pleuritidis"	0	0	0	0.000142857142857143	0	0.000142857142857143	0.000142857142857143	0
"k__Bacteria|p__Firmicutes|c__Clostridia|o__Eubacteriales|f__Clostridiaceae|g__Clostridium|s__Clostridium transplantifaecale"	0	0	0	0	0.000285714285714286	0	0.000142857142857143	0
"k__Bacteria|p__Firmicutes|c__Clostridia|o__Eubacteriales|f__Lachnospiraceae|g__Blautia|s__Blautia caecimuris"	0	0	0	0.000142857142857143	0	0	0.000285714285714286	0
"k__Bacteria|p__Firmicutes|c__Clostridia|o__Eubacteriales|f__Lachnospiraceae|g__Butyrivibrio|s__Butyrivibrio proteoclasticus"	0	0	0	0.000142857142857143	0.000142857142857143	0.000142857142857143	0	0
"k__Bacteria|p__Firmicutes|c__Clostridia|o__Eubacteriales|f__Lachnospiraceae|g__Faecalicatena|s__Faecalicatena faecalis"	0.000142857142857143	0	0	0	0	0.000142857142857143	0.000142857142857143	0
"k__Bacteria|p__Firmicutes|c__Clostridia|o__Eubacteriales|f__Lachnospiraceae|g__Faecalimonas|s__Faecalimonas umbilicata"	0	0.000142857142857143	0	0.000142857142857143	0.000142857142857143	0	0	0
"k__Bacteria|p__Firmicutes|c__Clostridia|o__Eubacteriales|f__Lachnospiraceae|g__Roseburia|s__Roseburia porci"	0	0	0	0.000142857142857143	0	0.000142857142857143	0.000142857142857143	0
"k__Bacteria|p__Bacteroidota|c__Bacteroidia|o__Bacteroidales|f__Prevotellaceae|g__Prevotella|s__Prevotella denticola"	0	0	0	0.000428571428571429	0	0	0	0
"k__Bacteria|p__Actinobacteria|c__Coriobacteriia|o__Coriobacteriales|f__Coriobacteriaceae|g__Collinsella|s__Collinsella bouchesdurhonensis"	0	0	0	0.000142857142857143	0	0.000142857142857143	0	0
"k__Bacteria|p__Bacteroidota|c__Bacteroidia|o__Bacteroidales|f__Bacteroidaceae|g__Phocaeicola|s__Phocaeicola faecalis"	0	0	0	0.000285714285714286	0	0	0	0
"k__Bacteria|p__Bacteroidota|c__Bacteroidia|o__Bacteroidales|f__Muribaculaceae|g__Muribaculum|s__Muribaculum gordoncarteri"	0	0	0	0.000285714285714286	0	0	0	0
"k__Bacteria|p__Bacteroidota|c__Bacteroidia|o__Bacteroidales|f__Prevotellaceae|g__Prevotella|s__Prevotella lacticifex"	0	0	0	0.000142857142857143	0	0	0.000142857142857143	0
"k__Bacteria|p__Bacteroidota|c__Bacteroidia|o__Bacteroidales|f__Prevotellaceae|g__Prevotella|s__Prevotella paludivivens"	0	0	0.000142857142857143	0.000142857142857143	0	0	0	0
"k__Bacteria|p__Firmicutes|c__Bacilli|o__Lactobacillales|f__Streptococcaceae|g__Streptococcus|s__Streptococcus ilei"	0	0.000142857142857143	0	0	0	0.000142857142857143	0	0
"k__Bacteria|p__Firmicutes|c__Bacilli|o__Lactobacillales|f__Streptococcaceae|g__Streptococcus|s__Streptococcus mitis"	0	0	0	0	0	0.000285714285714286	0	0
"k__Bacteria|p__Firmicutes|c__Bacilli|o__Lactobacillales|f__Streptococcaceae|g__Streptococcus|s__Streptococcus sanguinis"	0	0	0	0	0.000142857142857143	0	0.000142857142857143	0
"k__Bacteria|p__Firmicutes|c__Clostridia|o__Eubacteriales|f__Clostridiaceae|g__Clostridium|s__Clostridium vitabionis"	0	0	0	0	0	0.000142857142857143	0.000142857142857143	0
"k__Bacteria|p__Firmicutes|c__Clostridia|o__Eubacteriales|f__Lachnospiraceae|g__Acetatifactor|s__Acetatifactor muris"	0	0	0	0.000142857142857143	0	0	0.000142857142857143	0
"k__Bacteria|p__Firmicutes|c__Clostridia|o__Eubacteriales|f__Lachnospiraceae|g__Blautia|s__Blautia faecicola"	0	0	0	0	0.000142857142857143	0.000142857142857143	0	0
"k__Bacteria|p__Firmicutes|c__Clostridia|o__Eubacteriales|f__Lachnospiraceae|g__Catenibacillus|s__Catenibacillus scindens"	0	0	0.000142857142857143	0.000142857142857143	0	0	0	0
"k__Bacteria|p__Firmicutes|c__Clostridia|o__Eubacteriales|f__Lachnospiraceae|g__Enterocloster|s__Enterocloster citroniae"	0.000142857142857143	0	0.000142857142857143	0	0	0	0	0
"k__Bacteria|p__Firmicutes|c__Clostridia|o__Eubacteriales|f__Lachnospiraceae|g__Enterocloster|s__Enterocloster lavalensis"	0	0	0	0.000142857142857143	0	0	0.000142857142857143	0
"k__Bacteria|p__Firmicutes|c__Clostridia|o__Eubacteriales|f__Lachnospiraceae|g__Gluceribacter|s__Gluceribacter canis"	0	0	0	0	0.000142857142857143	0	0.000142857142857143	0
"k__Bacteria|p__Firmicutes|c__Clostridia|o__Eubacteriales|f__Lachnospiraceae|g__Lachnoclostridium|s__Clostridium polysaccharolyticum"	0	0	0	0.000285714285714286	0	0	0	0
"k__Bacteria|p__Firmicutes|c__Clostridia|o__Eubacteriales|f__Lachnospiraceae|g__Roseburia|s__Roseburia faecis"	0	0	0	0	0	0.000142857142857143	0.000142857142857143	0
"k__Bacteria|p__Firmicutes|c__Clostridia|o__Eubacteriales|f__Oscillospiraceae|g__Drancourtella|s__Drancourtella massiliensis"	0	0	0	0.000142857142857143	0	0.000142857142857143	0	0
"k__Bacteria|p__Firmicutes|c__Clostridia|o__Eubacteriales|f__Oscillospiraceae|g__Vescimonas|s__Vescimonas fastidiosa"	0.000142857142857143	0	0	0	0	0.000142857142857143	0	0
"k__Bacteria|p__Proteobacteria|c__Epsilonproteobacteria|o__Campylobacterales|f__Campylobacteraceae|g__Campylobacter|s__Campylobacter showae"	0.000142857142857143	0	0	0	0	0	0.000142857142857143	0
"k__Bacteria|p__Proteobacteria|c__Gammaproteobacteria|o__Enterobacterales|f__Enterobacteriaceae|g__Enterobacter|s__Enterobacter wuhouensis"	0	0	0.000285714285714286	0	0	0	0	0
"k__Bacteria|p__Bacteroidota|c__Bacteroidia|o__Bacteroidales|f__Bacteroidaceae|g__Bacteroides|s__Bacteroides bouchesdurhonensis"	0	0.000285714285714286	0	0	0	0	0	0
"k__Bacteria|p__Bacteroidota|c__Bacteroidia|o__Bacteroidales|f__Bacteroidaceae|g__Bacteroides|s__Bacteroides kribbi"	0	0.000285714285714286	0	0	0	0	0	0
"k__Bacteria|p__Firmicutes|c__Clostridia|o__Eubacteriales|f__Clostridiaceae|g__Butyricicoccus|s__Butyricicoccus faecihominis"	0	0.000285714285714286	0	0	0	0	0	0
"k__Bacteria|p__Firmicutes|c__Clostridia|o__Eubacteriales|f__Clostridiaceae|g__Clostridium|s__Clostridium colicanis"	0	0.000285714285714286	0	0	0	0	0	0
"k__Bacteria|p__Fusobacteria|c__Fusobacteriia|o__Fusobacteriales|f__Leptotrichiaceae|g__Leptotrichia|s__Leptotrichia trevisanii"	0	0	0	0	0	0	0.000285714285714286	0
"k__Bacteria|p__Proteobacteria|c__Gammaproteobacteria|o__Enterobacterales|f__Enterobacteriaceae|g__Enterobacter|s__Enterobacter quasihormaechei"	0	0.000285714285714286	0	0	0	0	0	0
"k__Bacteria|p__Actinobacteria|c__Coriobacteriia|o__Coriobacteriales|f__Atopobiaceae|g__Parolsenella|s__Parolsenella massiliensis"	0	0	0	0	0	0.000142857142857143	0	0
"k__Bacteria|p__Bacteroidota|c__Bacteroidia|o__Bacteroidales|f__Bacteroidaceae|g__Bacteroides|s__Bacteroides caecicola"	0	0	0	0.000142857142857143	0	0	0	0
"k__Bacteria|p__Bacteroidota|c__Bacteroidia|o__Bacteroidales|f__Bacteroidaceae|g__Bacteroides|s__Bacteroides caecigallinarum"	0	0	0	0.000142857142857143	0	0	0	0
"k__Bacteria|p__Bacteroidota|c__Bacteroidia|o__Bacteroidales|f__Bacteroidaceae|g__Mediterranea|s__Mediterranea massiliensis"	0	0	0	0.000142857142857143	0	0	0	0
"k__Bacteria|p__Bacteroidota|c__Bacteroidia|o__Bacteroidales|f__Prevotellaceae|g__Prevotella|s__Prevotella buccalis"	0	0	0	0.000142857142857143	0	0	0	0
"k__Bacteria|p__Bacteroidota|c__Bacteroidia|o__Bacteroidales|f__Prevotellaceae|g__Prevotella|s__Prevotella stercorea"	0	0	0	0.000142857142857143	0	0	0	0
"k__Bacteria|p__Bacteroidota|c__Bacteroidia|o__Bacteroidales|f__Rikenellaceae|g__Alistipes|s__Alistipes dispar"	0	0	0.000142857142857143	0	0	0	0	0
"k__Bacteria|p__Bacteroidota|c__Bacteroidia|o__Bacteroidales|f__Rikenellaceae|g__Alistipes|s__Alistipes shahii"	0	0	0.000142857142857143	0	0	0	0	0
"k__Bacteria|p__Bacteroidota|c__Bacteroidia|o__Bacteroidales|f__Tannerellaceae|g__Parabacteroides|s__Parabacteroides chinchillae"	0	0	0	0.000142857142857143	0	0	0	0
"k__Bacteria|p__Firmicutes|c__Bacilli|o__Bacillales|f__|g__Gemella|s__Gemella haemolysans"	0	0	0	0	0	0.000142857142857143	0	0
"k__Bacteria|p__Firmicutes|c__Bacilli|o__Bacillales|f__|g__Gemella|s__Gemella taiwanensis"	0	0	0	0	0	0.000142857142857143	0	0
"k__Bacteria|p__Firmicutes|c__Bacilli|o__Lactobacillales|f__Enterococcaceae|g__Enterococcus|s__Enterococcus hirae"	0	0	0	0	0	0.000142857142857143	0	0
"k__Bacteria|p__Firmicutes|c__Bacilli|o__Lactobacillales|f__Streptococcaceae|g__Streptococcus|s__Streptococcus oralis"	0	0	0	0	0	0.000142857142857143	0	0
"k__Bacteria|p__Firmicutes|c__Clostridia|o__Eubacteriales|f__Eubacteriaceae|g__Eubacterium|s__Eubacterium callanderi"	0	0	0	0	0	0.000142857142857143	0	0
"k__Bacteria|p__Firmicutes|c__Clostridia|o__Eubacteriales|f__Eubacteriaceae|g__Eubacterium|s__Eubacterium cellulosolvens"	0	0	0	0	0	0.000142857142857143	0	0
"k__Bacteria|p__Firmicutes|c__Clostridia|o__Eubacteriales|f__Lachnospiraceae|g__Anaerosacchariphilus|s__Anaerosacchariphilus polymeriproducens"	0	0	0	0	0	0.000142857142857143	0	0
"k__Bacteria|p__Firmicutes|c__Clostridia|o__Eubacteriales|f__Lachnospiraceae|g__Blautia|s__Blautia stercoris"	0	0	0	0	0	0.000142857142857143	0	0
"k__Bacteria|p__Firmicutes|c__Clostridia|o__Eubacteriales|f__Lachnospiraceae|g__Diplocloster|s__Diplocloster agilis"	0	0	0	0	0	0.000142857142857143	0	0
"k__Bacteria|p__Firmicutes|c__Clostridia|o__Eubacteriales|f__Lachnospiraceae|g__Fusimonas|s__Fusimonas intestini"	0	0	0	0	0.000142857142857143	0	0	0
"k__Bacteria|p__Firmicutes|c__Clostridia|o__Eubacteriales|f__Lachnospiraceae|g__Jingyaoa|s__Jingyaoa shaoxingensis"	0	0	0	0.000142857142857143	0	0	0	0
"k__Bacteria|p__Firmicutes|c__Clostridia|o__Eubacteriales|f__Lachnospiraceae|g__Lacrimispora|s__Lacrimispora algidixylanolytica"	0	0	0	0	0	0.000142857142857143	0	0
"k__Bacteria|p__Firmicutes|c__Clostridia|o__Eubacteriales|f__Lachnospiraceae|g__Mediterraneibacter|s__Ruminococcus lactaris"	0	0	0	0	0.000142857142857143	0	0	0
"k__Bacteria|p__Firmicutes|c__Clostridia|o__Eubacteriales|f__Lachnospiraceae|g__Murimonas|s__Murimonas intestini"	0	0	0	0.000142857142857143	0	0	0	0
"k__Bacteria|p__Firmicutes|c__Clostridia|o__Eubacteriales|f__Lachnospiraceae|g__Sporofaciens|s__Sporofaciens musculi"	0	0	0	0	0.000142857142857143	0	0	0
"k__Bacteria|p__Firmicutes|c__Clostridia|o__Eubacteriales|f__Oscillospiraceae|g__Dysosmobacter|s__Dysosmobacter acutus"	0	0	0	0	0	0.000142857142857143	0	0
"k__Bacteria|p__Firmicutes|c__Clostridia|o__Eubacteriales|f__Peptococcaceae|g__Peptococcus|s__Peptococcus simiae"	0	0	0.000142857142857143	0	0	0	0	0
"k__Bacteria|p__Firmicutes|c__Clostridia|o__Eubacteriales|f__|g__|s__Bacteroides pectinophilus"	0	0	0	0	0	0.000142857142857143	0	0
"k__Bacteria|p__Firmicutes|c__Negativicutes|o__Veillonellales|f__Veillonellaceae|g__Megasphaera|s__Megasphaera hexanoica"	0	0	0	0	0.000142857142857143	0	0	0
"k__Bacteria|p__Firmicutes|c__Negativicutes|o__Veillonellales|f__Veillonellaceae|g__Megasphaera|s__Megasphaera sueciensis"	0	0	0	0	0.000142857142857143	0	0	0
"k__Bacteria|p__Firmicutes|c__Tissierellia|o__Tissierellales|f__Peptoniphilaceae|g__Parvimonas|s__Parvimonas micra"	0	0	0	0	0	0.000142857142857143	0	0
"k__Bacteria|p__Proteobacteria|c__Gammaproteobacteria|o__Cardiobacteriales|f__Cardiobacteriaceae|g__Cardiobacterium|s__Cardiobacterium hominis"	0	0	0.000142857142857143	0	0	0	0	0
"k__Bacteria|p__Proteobacteria|c__Gammaproteobacteria|o__Enterobacterales|f__Enterobacteriaceae|g__Enterobacter|s__Enterobacter chengduensis"	0	0	0.000142857142857143	0	0	0	0	0
"k__Bacteria|p__Actinobacteria|c__Actinomycetia|o__Bifidobacteriales|f__Bifidobacteriaceae|g__Bifidobacterium|s__Bifidobacterium animalis"	0	0.000142857142857143	0	0	0	0	0	0
"k__Bacteria|p__Actinobacteria|c__Actinomycetia|o__Bifidobacteriales|f__Bifidobacteriaceae|g__Bifidobacterium|s__Bifidobacterium cebidarum"	0	0.000142857142857143	0	0	0	0	0	0
"k__Bacteria|p__Actinobacteria|c__Actinomycetia|o__Bifidobacteriales|f__Bifidobacteriaceae|g__Bifidobacterium|s__Bifidobacterium hapali"	0	0.000142857142857143	0	0	0	0	0	0
"k__Bacteria|p__Actinobacteria|c__Actinomycetia|o__Bifidobacteriales|f__Bifidobacteriaceae|g__Bifidobacterium|s__Bifidobacterium leontopitheci"	0	0.000142857142857143	0	0	0	0	0	0
"k__Bacteria|p__Actinobacteria|c__Actinomycetia|o__Bifidobacteriales|f__Bifidobacteriaceae|g__Bifidobacterium|s__Bifidobacterium miconisargentati"	0	0.000142857142857143	0	0	0	0	0	0
"k__Bacteria|p__Actinobacteria|c__Actinomycetia|o__Bifidobacteriales|f__Bifidobacteriaceae|g__Bifidobacterium|s__Bifidobacterium pongonis"	0	0.000142857142857143	0	0	0	0	0	0
"k__Bacteria|p__Actinobacteria|c__Coriobacteriia|o__Coriobacteriales|f__Atopobiaceae|g__Olsenella|s__Olsenella phocaeensis"	0	0.000142857142857143	0	0	0	0	0	0
"k__Bacteria|p__Actinobacteria|c__Coriobacteriia|o__Coriobacteriales|f__Coriobacteriaceae|g__Collinsella|s__Collinsella avium"	0	0.000142857142857143	0	0	0	0	0	0
"k__Bacteria|p__Bacteroidota|c__Bacteroidia|o__Bacteroidales|f__Bacteroidaceae|g__Bacteroides|s__Bacteroides faecis"	0	0.000142857142857143	0	0	0	0	0	0
"k__Bacteria|p__Bacteroidota|c__Bacteroidia|o__Bacteroidales|f__Bacteroidaceae|g__Bacteroides|s__Bacteroides salyersiae"	0	0	0	0	0	0	0.000142857142857143	0
"k__Bacteria|p__Bacteroidota|c__Bacteroidia|o__Bacteroidales|f__Bacteroidaceae|g__Phocaeicola|s__Phocaeicola paurosaccharolyticus"	0	0	0	0	0	0	0.000142857142857143	0
"k__Bacteria|p__Bacteroidota|c__Bacteroidia|o__Bacteroidales|f__Prevotellaceae|g__Prevotella|s__Prevotella fusca"	0	0	0	0	0	0	0.000142857142857143	0
"k__Bacteria|p__Firmicutes|c__Bacilli|o__Bacillales|f__|g__Gemella|s__Gemella morbillorum"	0	0	0	0	0	0	0.000142857142857143	0
"k__Bacteria|p__Firmicutes|c__Clostridia|o__Eubacteriales|f__Lachnospiraceae|g__Anaerocolumna|s__Anaerocolumna cellulosilytica"	0.000142857142857143	0	0	0	0	0	0	0
"k__Bacteria|p__Firmicutes|c__Clostridia|o__Eubacteriales|f__Lachnospiraceae|g__Bariatricus|s__Bariatricus massiliensis"	0	0	0	0	0	0	0.000142857142857143	0
"k__Bacteria|p__Firmicutes|c__Clostridia|o__Eubacteriales|f__Lachnospiraceae|g__Blautia|s__Blautia hydrogenotrophica"	0	0.000142857142857143	0	0	0	0	0	0
"k__Bacteria|p__Firmicutes|c__Clostridia|o__Eubacteriales|f__Lachnospiraceae|g__Cellulosilyticum|s__Cellulosilyticum lentocellum"	0	0.000142857142857143	0	0	0	0	0	0
"k__Bacteria|p__Firmicutes|c__Clostridia|o__Eubacteriales|f__Lachnospiraceae|g__Coprococcus|s__Coprococcus eutactus"	0.000142857142857143	0	0	0	0	0	0	0
"k__Bacteria|p__Firmicutes|c__Clostridia|o__Eubacteriales|f__Oscillospiraceae|g__Pseudoflavonifractor|s__Pseudoflavonifractor gallinarum"	0	0.000142857142857143	0	0	0	0	0	0
"k__Bacteria|p__Fusobacteria|c__Fusobacteriia|o__Fusobacteriales|f__Fusobacteriaceae|g__Fusobacterium|s__Fusobacterium gastrosuis"	0	0.000142857142857143	0	0	0	0	0	0
"k__Bacteria|p__Proteobacteria|c__Betaproteobacteria|o__Burkholderiales|f__Alcaligenaceae|g__Pelistega|s__Pelistega suis"	0	0.000142857142857143	0	0	0	0	0	0
"k__Bacteria|p__Proteobacteria|c__Betaproteobacteria|o__Burkholderiales|f__Burkholderiaceae|g__Lautropia|s__Lautropia mirabilis"	0.000142857142857143	0	0	0	0	0	0	0
"k__Bacteria|p__Proteobacteria|c__Betaproteobacteria|o__Burkholderiales|f__Sutterellaceae|g__Sutterella|s__Sutterella wadsworthensis"	0	0	0	0	0	0	0	0.000142857142857143
"k__Bacteria|p__Proteobacteria|c__Betaproteobacteria|o__Neisseriales|f__Neisseriaceae|g__Neisseria|s__Neisseria elongata"	0.000142857142857143	0	0	0	0	0	0	0
"k__Bacteria|p__Proteobacteria|c__Betaproteobacteria|o__Neisseriales|f__Neisseriaceae|g__Neisseria|s__Neisseria perflava"	0.000142857142857143	0	0	0	0	0	0	0
"k__Bacteria|p__Proteobacteria|c__Gammaproteobacteria|o__Enterobacterales|f__Morganellaceae|g__Proteus|s__Proteus mirabilis"	0	0	0	0	0	0	0	0.000142857142857143
"k__Bacteria|p__Proteobacteria|c__Gammaproteobacteria|o__Pasteurellales|f__Pasteurellaceae|g__Canicola|s__Canicola haemoglobinophilus"	0	0	0	0	0	0	0.000142857142857143	0
"k__Bacteria|p__Proteobacteria|c__Gammaproteobacteria|o__Pasteurellales|f__Pasteurellaceae|g__Glaesserella|s__Glaesserella parasuis"	0	0.000142857142857143	0	0	0	0	0	0
"k__Bacteria|p__Proteobacteria|c__Gammaproteobacteria|o__Pasteurellales|f__Pasteurellaceae|g__Pasteurella|s__Pasteurella multocida"	0	0	0	0	0	0	0.000142857142857143	0
